# vtk DataFile Version 2.0
particles
ASCII
DATASET UNSTRUCTURED_GRID
POINTS 1024 floats
45.684128396972326 44.076007638051124 38.25869139389863
45.684128396972326 44.076007638051124 38.25869139389863
44.30275697128559 45.069967545891714 37.97552474945179
44.30275697128559 45.069967545891714 37.97552474945179
45.28477785472706 44.934241954029346 37.841331747007615
45.28477785472706 44.934241954029346 37.841331747007615
46.185118164747834 44.94359326995742 38.28865633673982
46.185118164747834 44.94359326995742 38.28865633673982
44.396164387740015 46.01641358038983 38.28517051716139
44.396164387740015 46.01641358038983 38.28517051716139
45.3812691511092 45.88882075917097 38.125528146530016
45.3812691511092 45.88882075917097 38.125528146530016
43.31078372814798 43.820160715687095 39.36736472612631
43.31078372814798 43.820160715687095 39.36736472612631
44.04838158810023 43.71874476543982 38.69957976087808
44.04838158810023 43.71874476543982 38.69957976087808
45.001111637421545 43.41462944552387 38.68700556721721
45.001111637421545 43.41462944552387 38.68700556721721
45.9529521924177 43.448173416555235 38.99278934650748
45.9529521924177 43.448173416555235 38.99278934650748
43.01848610714663 44.99325511481395 39.23600932529335
43.01848610714663 44.99325511481395 39.23600932529335
43.61138338498546 44.604444622767744 38.52965344985178
43.61138338498546 44.604444622767744 38.52965344985178
45.048345486508886 44.38247791617253 39.004205768332326
45.048345486508886 44.38247791617253 39.004205768332326
46.564725074511735 44.23220857362007 38.88501968336932
46.564725074511735 44.23220857362007 38.88501968336932
47.15182168741369 44.430082283237994 39.671146637964
47.15182168741369 44.430082283237994 39.671146637964
43.564840569745286 45.59654663064452 38.65074931959788
43.564840569745286 45.59654663064452 38.65074931959788
44.43432380379059 45.17689445843164 38.974278482550076
44.43432380379059 45.17689445843164 38.974278482550076
45.47921185185595 45.289184647736505 38.92476890731838
45.47921185185595 45.289184647736505 38.92476890731838
46.83962159281682 45.1827370841843 39.032489867907785
46.83962159281682 45.1827370841843 39.032489867907785
43.88942828270423 46.46730522710093 39.02021645543283
43.88942828270423 46.46730522710093 39.02021645543283
45.06079060825355 46.620169514571465 38.72998004880603
45.06079060825355 46.620169514571465 38.72998004880603
46.249110727596694 45.88377728316895 38.62338410701996
46.249110727596694 45.88377728316895 38.62338410701996
44.52981338078425 47.08040175899018 39.49529862269975
44.52981338078425 47.08040175899018 39.49529862269975
45.98327014921117 46.6754573037985 39.174285843023995
45.98327014921117 46.6754573037985 39.174285843023995
44.30165632313492 43.037867409351534 39.40588610329644
44.30165632313492 43.037867409351534 39.40588610329644
45.16155007624917 43.565881397593444 39.663352607511
45.16155007624917 43.565881397593444 39.663352607511
45.87412932747663 42.87669532706445 39.81276193805839
45.87412932747663 42.87669532706445 39.81276193805839
42.71983397464426 44.36922111638684 39.961673545878895
42.71983397464426 44.36922111638684 39.961673545878895
44.309791872994 44.092452157192184 39.62133432780098
44.309791872994 44.092452157192184 39.62133432780098
45.8832646750566 44.498408380443976 39.579049969213656
45.8832646750566 44.498408380443976 39.579049969213656
46.68040410997927 43.53863834580545 39.672988484453526
46.68040410997927 43.53863834580545 39.672988484453526
42.608910453035094 45.357672048675205 40.078600811061904
42.608910453035094 45.357672048675205 40.078600811061904
43.827978846515606 44.94818018420149 39.824024789412846
43.827978846515606 44.94818018420149 39.824024789412846
45.01226090150062 45.02896075932802 39.782243640421925
45.01226090150062 45.02896075932802 39.782243640421925
46.08136990186014 45.471579895843306 39.73708071659843
46.08136990186014 45.471579895843306 39.73708071659843
47.300159564969924 45.39925834718557 39.89372290412629
47.300159564969924 45.39925834718557 39.89372290412629
43.117571925753325 45.97046626707908 39.468177598126005
43.117571925753325 45.97046626707908 39.468177598126005
44.308427349287555 45.88146520148022 39.75357248070844
44.308427349287555 45.88146520148022 39.75357248070844
45.27203860899555 46.11905195323925 39.610363826479926
45.27203860899555 46.11905195323925 39.610363826479926
46.77659223280081 46.12904208936764 39.44518555050455
46.77659223280081 46.12904208936764 39.44518555050455
43.50657235922992 46.79119436371335 39.88847432198861
43.50657235922992 46.79119436371335 39.88847432198861
45.467558996022646 47.24779153326909 39.81215549451193
45.467558996022646 47.24779153326909 39.81215549451193
46.455061872454756 46.90215887618449 40.02652164773781
46.455061872454756 46.90215887618449 40.02652164773781
44.078571572960755 42.505481663030665 40.70284766433558
44.078571572960755 42.505481663030665 40.70284766433558
44.92224069140053 42.588911133096076 40.06630022183684
44.92224069140053 42.588911133096076 40.06630022183684
45.74412182630177 42.445694136955 40.70642016805995
45.74412182630177 42.445694136955 40.70642016805995
42.743716009838636 43.633261321552936 40.641667815632374
42.743716009838636 43.633261321552936 40.641667815632374
43.449033172765795 43.13423514118392 40.098344582108965
43.449033172765795 43.13423514118392 40.098344582108965
44.36060701988504 43.43296673865274 40.39145545862729
44.36060701988504 43.43296673865274 40.39145545862729
45.95782625851812 43.76958161627306 40.35829479822492
45.95782625851812 43.76958161627306 40.35829479822492
46.60337053666551 42.97256817330128 40.49474662244677
46.60337053666551 42.97256817330128 40.49474662244677
47.2606848409286 43.77889398538048 40.45354943142941
47.2606848409286 43.77889398538048 40.45354943142941
42.31527964392076 44.65303021053758 40.84522451158756
42.31527964392076 44.65303021053758 40.84522451158756
43.60699923205347 44.0967068587414 40.34958393057188
43.60699923205347 44.0967068587414 40.34958393057188
44.9289145292134 44.260345757663956 40.42725131526052
44.9289145292134 44.260345757663956 40.42725131526052
46.60172265028631 44.87251121783123 40.38225709315111
46.60172265028631 44.87251121783123 40.38225709315111
47.596641966849084 44.72093737438145 40.56780974631984
47.596641966849084 44.72093737438145 40.56780974631984
42.315839619763835 45.63969374579983 41.0098754024568
42.315839619763835 45.63969374579983 41.0098754024568
43.38389110572524 45.182928482610635 40.696709569264854
43.38389110572524 45.182928482610635 40.696709569264854
44.386700361757036 45.14384578215926 40.63466176948772
44.386700361757036 45.14384578215926 40.63466176948772
45.3326091861763 45.61052983930996 40.54754622477887
45.3326091861763 45.61052983930996 40.54754622477887
46.34885356614787 45.804091787596924 40.70250476301092
46.34885356614787 45.804091787596924 40.70250476301092
47.66406845032387 45.64753896066688 40.95303296251244
47.66406845032387 45.64753896066688 40.95303296251244
42.79556144020138 46.28641584414194 40.40867912797256
42.79556144020138 46.28641584414194 40.40867912797256
43.80290510045681 46.11581584876063 40.61001749790775
43.80290510045681 46.11581584876063 40.61001749790775
44.709037826451095 46.570332157224925 40.36973974080841
44.709037826451095 46.570332157224925 40.36973974080841
45.685824860751644 46.546618393936534 40.58537938582532
45.685824860751644 46.546618393936534 40.58537938582532
47.17827741755635 46.28605108393197 40.34998677421959
47.17827741755635 46.28605108393197 40.34998677421959
43.21391026998472 47.05565331077178 40.89505859987017
43.21391026998472 47.05565331077178 40.89505859987017
44.12138413323845 47.392504388836336 40.3992999885524
44.12138413323845 47.392504388836336 40.3992999885524
46.054910731321044 47.46466230735514 40.76650940133274
46.054910731321044 47.46466230735514 40.76650940133274
46.90560010913166 46.99515102592443 41.00871065108889
46.90560010913166 46.99515102592443 41.00871065108889
45.064028150667895 47.63689947241265 40.64087842401389
45.064028150667895 47.63689947241265 40.64087842401389
43.52222833614411 42.49344073144232 41.547472388780534
43.52222833614411 42.49344073144232 41.547472388780534
44.45951481107252 42.138570505066596 41.556495238607624
44.45951481107252 42.138570505066596 41.556495238607624
45.48928093633669 42.113738052255385 41.618373438067366
45.48928093633669 42.113738052255385 41.618373438067366
46.45706006115081 42.52457887424495 41.40375519638491
46.45706006115081 42.52457887424495 41.40375519638491
42.760391325229435 43.15309122906321 41.52058942812542
42.760391325229435 43.15309122906321 41.52058942812542
43.640944604965185 43.426174458109685 41.09736507877936
43.640944604965185 43.426174458109685 41.09736507877936
44.92373585510187 42.92014041595861 41.13087076143694
44.92373585510187 42.92014041595861 41.13087076143694
45.85053472574143 43.307920023004954 41.25081116097623
45.85053472574143 43.307920023004954 41.25081116097623
47.19140229864737 43.194239622799 41.28330442692841
47.19140229864737 43.194239622799 41.28330442692841
42.24482520752929 44.012039298166385 41.61639675296003
42.24482520752929 44.012039298166385 41.61639675296003
43.15632919275926 44.30029518072291 41.291390527834665
43.15632919275926 44.30029518072291 41.291390527834665
44.19027915155175 44.27448738566183 41.16642905480374
44.19027915155175 44.27448738566183 41.16642905480374
45.15201835008609 44.02708587297127 41.38537927537192
45.15201835008609 44.02708587297127 41.38537927537192
46.62086334901078 44.08815330817157 41.168159445241685
46.62086334901078 44.08815330817157 41.168159445241685
47.69012116179634 44.06204766709227 41.31722470917228
47.69012116179634 44.06204766709227 41.31722470917228
42.01731062082483 44.96046885664694 41.85422810517231
42.01731062082483 44.96046885664694 41.85422810517231
42.97529469446927 45.2148191484767 41.71533148346117
42.97529469446927 45.2148191484767 41.71533148346117
43.97164493443887 45.25303744142813 41.56656536963003
43.97164493443887 45.25303744142813 41.56656536963003
44.97318840861253 45.045400120222574 41.478020861654414
44.97318840861253 45.045400120222574 41.478020861654414
45.72298993307725 44.741311771426126 40.85897873907868
45.72298993307725 44.741311771426126 40.85897873907868
46.94982586763123 45.04383024027293 41.324460849158854
46.94982586763123 45.04383024027293 41.324460849158854
47.93463222944274 44.97828090610811 41.648084280214604
47.93463222944274 44.97828090610811 41.648084280214604
42.14294552724179 45.948289196971196 41.979029374337856
42.14294552724179 45.948289196971196 41.979029374337856
43.12232187077717 46.136311843168976 41.35444513319706
43.12232187077717 46.136311843168976 41.35444513319706
44.62797278406522 45.96165783459749 41.20079915486535
44.62797278406522 45.96165783459749 41.20079915486535
45.858825186362836 45.530751321522395 41.55182349331305
45.858825186362836 45.530751321522395 41.55182349331305
46.86397730063287 46.01588453002746 41.5776824313666
46.86397730063287 46.01588453002746 41.5776824313666
47.825154088522694 45.97842809863728 41.88482307678092
47.825154088522694 45.97842809863728 41.88482307678092
42.78272989676401 46.975380503619526 41.795420012593226
42.78272989676401 46.975380503619526 41.795420012593226
44.128333055596556 46.835456014849385 41.23966475143787
44.128333055596556 46.835456014849385 41.23966475143787
45.12155084006562 46.91397686043482 41.34719115659483
45.12155084006562 46.91397686043482 41.34719115659483
46.05662531982697 46.60869275967614 41.55284765721501
46.05662531982697 46.60869275967614 41.55284765721501
47.32732627006892 46.88543370259139 41.90937849477602
47.32732627006892 46.88543370259139 41.90937849477602
43.57991446024721 47.57536325944594 41.67380589286233
43.57991446024721 47.57536325944594 41.67380589286233
44.52060788992851 47.84611381255364 41.45596182292334
44.52060788992851 47.84611381255364 41.45596182292334
45.520283303855884 47.856310703040656 41.52212789308922
45.520283303855884 47.856310703040656 41.52212789308922
46.46773377443182 47.55926417763758 41.71278015366272
46.46773377443182 47.55926417763758 41.71278015366272
44.43531876350771 41.93455958280353 42.53857542655726
44.43531876350771 41.93455958280353 42.53857542655726
45.43646811127011 41.90419210116464 42.59521219680876
45.43646811127011 41.90419210116464 42.59521219680876
42.986455558650064 42.65715184114785 42.379310972002315
42.986455558650064 42.65715184114785 42.379310972002315
43.97421135017754 42.81379876484482 42.395298288050796
43.97421135017754 42.81379876484482 42.395298288050796
44.9584595045899 42.745224685232344 42.19673749874194
44.9584595045899 42.745224685232344 42.19673749874194
46.03285950845898 42.65953947442783 42.30243897389127
46.03285950845898 42.65953947442783 42.30243897389127
47.03484881051713 42.68737933852603 42.330988021765165
47.03484881051713 42.68737933852603 42.330988021765165
42.33406667912209 43.42339533347594 42.42407361350405
42.33406667912209 43.42339533347594 42.42407361350405
43.43386287479251 43.60843553345404 42.10699221913795
43.43386287479251 43.60843553345404 42.10699221913795
44.39206242925103 43.491945899875304 41.76189575019694
44.39206242925103 43.491945899875304 41.76189575019694
45.56255342403743 43.57154612019548 42.1832429297598
45.56255342403743 43.57154612019548 42.1832429297598
46.59368470607553 43.53377187493092 42.015660515130705
46.59368470607553 43.53377187493092 42.015660515130705
47.634624534158334 43.47820826875058 42.13452419587654
47.634624534158334 43.47820826875058 42.13452419587654
41.9330217342885 44.34770958539157 42.651785513678675
41.9330217342885 44.34770958539157 42.651785513678675
42.94983856960003 44.45708529581147 42.37675533040985
42.94983856960003 44.45708529581147 42.37675533040985
44.00450505697829 44.44535667053236 42.15827493307485
44.00450505697829 44.44535667053236 42.15827493307485
45.02850161480323 44.41574732290486 42.3228344691605
45.02850161480323 44.41574732290486 42.3228344691605
45.95920196546618 44.46194942801979 41.95499281298265
45.95920196546618 44.46194942801979 41.95499281298265
47.149839247493794 44.40190098408924 42.08852822953304
47.149839247493794 44.40190098408924 42.08852822953304
48.054932914080005 44.32781178161078 42.604910328578455
48.054932914080005 44.32781178161078 42.604910328578455
42.53493269290139 45.31515768039229 42.67986025648227
42.53493269290139 45.31515768039229 42.67986025648227
43.54972252418935 45.26302671221132 42.54347270854959
43.54972252418935 45.26302671221132 42.54347270854959
44.567162964600755 45.321815025996266 42.38354457433209
44.567162964600755 45.321815025996266 42.38354457433209
45.59655910190471 45.16670916508807 42.74155870456771
45.59655910190471 45.16670916508807 42.74155870456771
46.52771888697391 45.20564545378761 42.3616298347483
46.52771888697391 45.20564545378761 42.3616298347483
47.51779259117366 45.2583687555148 42.51627274915627
47.51779259117366 45.2583687555148 42.51627274915627
42.024256620086035 46.130768364831056 42.975694090719685
42.024256620086035 46.130768364831056 42.975694090719685
43.029081132673866 46.15781716380664 42.40012095108894
43.029081132673866 46.15781716380664 42.40012095108894
43.94320247424838 46.19123357162451 41.98696514194347
43.94320247424838 46.19123357162451 41.98696514194347
44.98213454039107 46.21176043592901 42.10886132151569
44.98213454039107 46.21176043592901 42.10886132151569
45.978347796806496 46.049715766097194 42.4211261198915
45.978347796806496 46.049715766097194 42.4211261198915
47.01395448201921 46.130304435330665 42.565356061678585
47.01395448201921 46.130304435330665 42.565356061678585
47.98337100649813 46.07495456499367 42.88762111704578
47.98337100649813 46.07495456499367 42.88762111704578
42.537106607986246 46.96922296370223 42.76632014877012
42.537106607986246 46.96922296370223 42.76632014877012
43.533504339898144 47.023527131362385 42.513766833534774
43.533504339898144 47.023527131362385 42.513766833534774
44.46850726217083 47.09046796686348 42.15083107958854
44.46850726217083 47.09046796686348 42.15083107958854
45.46937757534866 47.13510449662472 42.3164794257641
45.46937757534866 47.13510449662472 42.3164794257641
46.43315721449822 46.94643439458252 42.50979948485248
46.43315721449822 46.94643439458252 42.50979948485248
47.499091257358565 46.95391843997876 42.89566593398416
47.499091257358565 46.95391843997876 42.89566593398416
44.04989576556983 47.95739360547669 42.475586430520636
44.04989576556983 47.95739360547669 42.475586430520636
45.0422491684343 48.08942048611203 42.38201188948267
45.0422491684343 48.08942048611203 42.38201188948267
46.02281953629578 47.94180918055371 42.5239545069888
46.02281953629578 47.94180918055371 42.5239545069888
43.55878338185735 42.153150432634206 43.03208037307682
43.55878338185735 42.153150432634206 43.03208037307682
44.44082991135821 42.645008171315354 43.27259180744154
44.44082991135821 42.645008171315354 43.27259180744154
45.40932289368484 42.826141019748036 43.089584208763284
45.40932289368484 42.826141019748036 43.089584208763284
46.286523332567256 42.063012399550885 43.154365962792156
46.286523332567256 42.063012399550885 43.154365962792156
42.55992151072543 42.902155141283885 43.25080941136005
42.55992151072543 42.902155141283885 43.25080941136005
43.79436996961502 43.91496720361707 42.991942133510506
43.79436996961502 43.91496720361707 42.991942133510506
44.694304517235494 43.552913490258334 42.73368111439062
44.694304517235494 43.552913490258334 42.73368111439062
46.3892615145007 43.21638533451117 43.06035620178605
46.3892615145007 43.21638533451117 43.06035620178605
47.1696131274387 42.61045783383675 43.336345327718305
47.1696131274387 42.61045783383675 43.336345327718305
41.84687443928256 44.18159530638832 43.638567229038756
41.84687443928256 44.18159530638832 43.638567229038756
42.808233010221684 43.87929809210365 43.18196616947951
42.808233010221684 43.87929809210365 43.18196616947951
44.64453361326413 44.41596693920218 43.2632631958881
44.64453361326413 44.41596693920218 43.2632631958881
45.53469821685777 43.95886675091167 43.11769094245503
45.53469821685777 43.95886675091167 43.11769094245503
47.34528142491119 43.57673465182464 43.09498061586207
47.34528142491119 43.57673465182464 43.09498061586207
48.11093376336369 44.055085055411126 43.56932739605871
48.11093376336369 44.055085055411126 43.56932739605871
41.77814423452203 45.125811068110316 43.30705096940062
41.77814423452203 45.125811068110316 43.30705096940062
43.41834689541642 44.70712672266556 43.488512657205334
43.41834689541642 44.70712672266556 43.488512657205334
44.21088694037563 45.31769093681318 43.32064497863226
44.21088694037563 45.31769093681318 43.32064497863226
45.17375854157786 45.19247864482444 43.698520724672164
45.17375854157786 45.19247864482444 43.698520724672164
46.06466576041019 44.73087814174522 43.5559279901247
46.06466576041019 44.73087814174522 43.5559279901247
47.26586088521929 44.59546339933763 43.23336921527003
47.26586088521929 44.59546339933763 43.23336921527003
48.2131298599365 45.121560801277624 43.22955626503489
48.2131298599365 45.121560801277624 43.22955626503489
42.593335419213005 45.125772924663295 43.891245512860266
42.593335419213005 45.125772924663295 43.891245512860266
43.194192376539064 45.73876039919833 43.3514478882237
43.194192376539064 45.73876039919833 43.3514478882237
43.97651966744512 46.254569631758336 42.997958174454254
43.97651966744512 46.254569631758336 42.997958174454254
45.007603725241964 45.975493169013625 43.08464771080598
45.007603725241964 45.975493169013625 43.08464771080598
46.348068774628416 45.70974212392198 43.29684124874393
46.348068774628416 45.70974212392198 43.29684124874393
47.3418297159933 45.57689152721845 43.47589130242896
47.3418297159933 45.57689152721845 43.47589130242896
43.24255531452215 46.77059871565731 43.47372218880824
43.24255531452215 46.77059871565731 43.47372218880824
44.2748773179908 47.21537132339199 43.17194460640445
44.2748773179908 47.21537132339199 43.17194460640445
45.22419506178662 47.5536026058922 43.208780685893146
45.22419506178662 47.5536026058922 43.208780685893146
45.725116506589494 46.67019054924143 43.18517903699548
45.725116506589494 46.67019054924143 43.18517903699548
46.691754399707506 46.664326986565584 43.49859020213617
46.691754399707506 46.664326986565584 43.49859020213617
43.34600919492469 47.751334045251994 43.185751961641344
43.34600919492469 47.751334045251994 43.185751961641344
44.24084631196257 48.156577200452524 43.52016671377551
44.24084631196257 48.156577200452524 43.52016671377551
46.0064055138534 48.09076359459407 43.56097655657891
46.0064055138534 48.09076359459407 43.56097655657891
46.81385991697362 47.642041857108424 43.14097380363856
46.81385991697362 47.642041857108424 43.14097380363856
44.02368368352295 41.87199821668145 43.87567005983698
44.02368368352295 41.87199821668145 43.87567005983698
44.92494228796271 41.76130866067051 43.44965432457859
44.92494228796271 41.76130866067051 43.44965432457859
45.75789371610224 41.80174326417699 44.02222852627763
45.75789371610224 41.80174326417699 44.02222852627763
46.69386157662631 42.17752899739675 44.10297478410368
46.69386157662631 42.17752899739675 44.10297478410368
43.12295164363398 42.30518876422646 43.980118695543396
43.12295164363398 42.30518876422646 43.980118695543396
44.04305421163028 42.8227483192713 44.345683481386516
44.04305421163028 42.8227483192713 44.345683481386516
45.08591824078322 42.57574301473262 44.05193323806199
45.08591824078322 42.57574301473262 44.05193323806199
45.936019859008866 42.625209032981815 44.57858514009288
45.936019859008866 42.625209032981815 44.57858514009288
47.34890709587283 42.66075296667243 44.713010673316546
47.34890709587283 42.66075296667243 44.713010673316546
42.19309305126396 43.27964054461725 44.11047047925295
42.19309305126396 43.27964054461725 44.11047047925295
43.53524474421164 43.06916475318066 43.463642166165585
43.53524474421164 43.06916475318066 43.463642166165585
44.66490943125797 43.54469149330299 43.78589899986008
44.66490943125797 43.54469149330299 43.78589899986008
45.71481309014357 43.34784199423376 43.907094948725785
45.71481309014357 43.34784199423376 43.907094948725785
46.7114179729373 43.17796828938053 44.03438217187451
46.7114179729373 43.17796828938053 44.03438217187451
47.732476094727076 43.1820888993483 43.94818876361185
47.732476094727076 43.1820888993483 43.94818876361185
41.82726808081735 44.04423217519934 44.64226321145206
41.82726808081735 44.04423217519934 44.64226321145206
42.717969622722364 44.15234436935016 44.147661297131506
42.717969622722364 44.15234436935016 44.147661297131506
43.69640044768286 43.88188179251223 44.02376534513043
43.69640044768286 43.88188179251223 44.02376534513043
45.320284437720794 44.26840778436333 44.08284633395776
45.320284437720794 44.26840778436333 44.08284633395776
46.45219001209331 44.18734054993848 42.79116798288587
46.45219001209331 44.18734054993848 42.79116798288587
47.2739652631102 44.05159020554498 44.13359132139402
47.2739652631102 44.05159020554498 44.13359132139402
48.139849522310456 43.94268836612784 44.62206290980774
48.139849522310456 43.94268836612784 44.62206290980774
41.6972870430663 44.98852062686328 44.31857892668883
41.6972870430663 44.98852062686328 44.31857892668883
42.57120313706632 45.030248522130805 44.89510195830914
42.57120313706632 45.030248522130805 44.89510195830914
43.665079829254324 45.41309736513159 44.176292305886676
43.665079829254324 45.41309736513159 44.176292305886676
44.65284325066514 45.7262448296047 44.373525709108435
44.65284325066514 45.7262448296047 44.373525709108435
45.8829511528761 45.13805114000641 44.454820859100366
45.8829511528761 45.13805114000641 44.454820859100366
46.86390197639057 44.965877770693794 44.11178183373012
46.86390197639057 44.965877770693794 44.11178183373012
47.60461812609634 45.42551379566572 44.629056526325115
47.60461812609634 45.42551379566572 44.629056526325115
48.292460152681116 44.83897531993601 44.18727589199712
48.292460152681116 44.83897531993601 44.18727589199712
41.84632932934889 45.912243112871494 43.96300247293006
41.84632932934889 45.912243112871494 43.96300247293006
42.823435818626834 46.07648259269048 44.21807552851435
42.823435818626834 46.07648259269048 44.21807552851435
43.96000382648026 46.369105189025305 44.0467420289814
43.96000382648026 46.369105189025305 44.0467420289814
44.94936785742175 46.730031694102756 43.82113770120894
44.94936785742175 46.730031694102756 43.82113770120894
45.680977923113346 46.0411021489173 44.00873947636309
45.680977923113346 46.0411021489173 44.00873947636309
46.7500498700463 45.9559060429748 44.21518848473799
46.7500498700463 45.9559060429748 44.21518848473799
48.1447515503847 45.93966469651828 43.95087738303356
48.1447515503847 45.93966469651828 43.95087738303356
42.26714931246835 46.78516069419011 43.71534782837132
42.26714931246835 46.78516069419011 43.71534782837132
43.264049064498096 46.84963731138882 44.69210771631445
43.264049064498096 46.84963731138882 44.69210771631445
43.892691763020565 47.36784001809576 44.10810065185281
43.892691763020565 47.36784001809576 44.10810065185281
45.96038183964313 47.15394519994044 44.03646427964867
45.96038183964313 47.15394519994044 44.03646427964867
46.86550821058773 46.89601012722066 44.629867099616774
46.86550821058773 46.89601012722066 44.629867099616774
47.50094551117685 47.11843378785276 43.885926954847406
47.50094551117685 47.11843378785276 43.885926954847406
42.88313908159272 47.51664899999079 44.0499209390381
42.88313908159272 47.51664899999079 44.0499209390381
44.2158011857253 48.21646788002359 44.533595899196044
44.2158011857253 48.21646788002359 44.533595899196044
45.11726350852389 48.28299175047119 43.99510154823348
45.11726350852389 48.28299175047119 43.99510154823348
45.97318080614029 48.1655284904088 44.57035836465802
45.97318080614029 48.1655284904088 44.57035836465802
46.78208196385135 47.76976318831474 44.13461814496121
46.78208196385135 47.76976318831474 44.13461814496121
44.77399296406914 41.69697376815982 45.46425607554643
44.77399296406914 41.69697376815982 45.46425607554643
43.95316330708425 41.85232751123834 44.87585736998308
43.95316330708425 41.85232751123834 44.87585736998308
44.85392259281036 41.6946923838574 44.46676468055975
44.85392259281036 41.6946923838574 44.46676468055975
45.67878200292405 41.75253226497401 45.03133551247928
45.67878200292405 41.75253226497401 45.03133551247928
46.612744323107435 42.101144049593444 45.11239961663082
46.612744323107435 42.101144049593444 45.11239961663082
42.32739758976953 43.03464586861686 45.08592982878325
42.32739758976953 43.03464586861686 45.08592982878325
43.12073109346119 43.20031615818593 44.490529035108764
43.12073109346119 43.20031615818593 44.490529035108764
43.86545950851402 43.6534380947988 45.003847401405764
43.86545950851402 43.6534380947988 45.003847401405764
45.06089810274222 42.89535046642378 45.045535187422
45.06089810274222 42.89535046642378 45.045535187422
45.89634106818223 43.503953259772885 45.083318984561245
45.89634106818223 43.503953259772885 45.083318984561245
46.90354289466343 43.5853617638694 44.955191274857285
46.90354289466343 43.5853617638694 44.955191274857285
47.84571409926132 43.301382181879575 45.332773900343916
47.84571409926132 43.301382181879575 45.332773900343916
42.783293470263374 43.96483960116977 45.1315315326194
42.783293470263374 43.96483960116977 45.1315315326194
43.4740029472114 44.57953497625142 44.709780218066925
43.4740029472114 44.57953497625142 44.709780218066925
44.339851556608366 44.67197406588467 44.18498763507414
44.339851556608366 44.67197406588467 44.18498763507414
44.90799404330578 43.88950644870387 44.92653823085979
44.90799404330578 43.88950644870387 44.92653823085979
46.28371164003735 44.14909074627947 44.354928452294075
46.28371164003735 44.14909074627947 44.354928452294075
47.36428197336279 44.47148158611509 45.09569640772554
47.36428197336279 44.47148158611509 45.09569640772554
41.692351099873065 44.784210424276 45.305474967563015
41.692351099873065 44.784210424276 45.305474967563015
43.2750018230565 45.008961524944084 45.67540298794278
43.2750018230565 45.008961524944084 45.67540298794278
44.18104279444783 44.42037247714592 45.59467943825259
44.18104279444783 44.42037247714592 45.59467943825259
45.022049327840435 44.90865426529098 44.97419715322208
45.022049327840435 44.90865426529098 44.97419715322208
46.36950816313205 44.36400432215038 45.34925393369651
46.36950816313205 44.36400432215038 45.34925393369651
46.6787213145543 45.289721603040675 45.0422220619247
46.6787213145543 45.289721603040675 45.0422220619247
48.31643907228183 44.982713096572695 45.19291754440248
48.31643907228183 44.982713096572695 45.19291754440248
41.77506864419904 45.778824006215395 44.96532366594576
41.77506864419904 45.778824006215395 44.96532366594576
43.096137072910494 45.88571180426701 45.21390580100426
43.096137072910494 45.88571180426701 45.21390580100426
44.09628278065421 45.287422389779515 45.09426013507815
44.09628278065421 45.287422389779515 45.09426013507815
44.90284168922969 45.83681537769581 45.3728205857795
44.90284168922969 45.83681537769581 45.3728205857795
47.195711549569246 46.13515605424598 45.203153579978455
47.195711549569246 46.13515605424598 45.203153579978455
48.16949579871622 45.96285971891193 45.40051906298516
48.16949579871622 45.96285971891193 45.40051906298516
42.14618557229619 46.686428041395246 44.703779157738964
42.14618557229619 46.686428041395246 44.703779157738964
42.62349092550403 47.31011727696327 45.32538861868551
42.62349092550403 47.31011727696327 45.32538861868551
44.012759444347395 46.28404307611074 45.062037709442905
44.012759444347395 46.28404307611074 45.062037709442905
45.28184243272993 46.574671417984625 44.77346303774449
45.28184243272993 46.574671417984625 44.77346303774449
46.194176462244144 46.22220483594163 45.00384517487713
46.194176462244144 46.22220483594163 45.00384517487713
47.62476887572059 47.01253043110127 45.56193976993994
47.62476887572059 47.01253043110127 45.56193976993994
47.89399393580524 46.61496135831375 44.666514700504706
47.89399393580524 46.61496135831375 44.666514700504706
43.32880548402004 47.865484369829716 44.87931771839598
43.32880548402004 47.865484369829716 44.87931771839598
44.86985656717445 47.45472850352636 44.51841053905187
44.86985656717445 47.45472850352636 44.51841053905187
45.95437889580356 47.28853312968778 45.060418099156905
45.95437889580356 47.28853312968778 45.060418099156905
46.839931229113894 47.75861214389243 45.23446184879975
46.839931229113894 47.75861214389243 45.23446184879975
45.08748022999909 48.31651005755335 45.023006514760596
45.08748022999909 48.31651005755335 45.023006514760596
43.89852974689158 41.8987853714881 45.9093562639159
43.89852974689158 41.8987853714881 45.9093562639159
44.66490100858222 41.781239760593806 46.583349311122696
44.66490100858222 41.781239760593806 46.583349311122696
45.56072634251104 41.76909228166886 46.09132904878299
45.56072634251104 41.76909228166886 46.09132904878299
46.5224267775447 42.10623785866045 46.21642032216608
46.5224267775447 42.10623785866045 46.21642032216608
43.06148624816923 42.307601234880295 45.02678263321734
43.06148624816923 42.307601234880295 45.02678263321734
44.111421946649074 42.73460721109559 45.34119082606252
44.111421946649074 42.73460721109559 45.34119082606252
44.89244762925317 42.570396947036556 45.98842509462057
44.89244762925317 42.570396947036556 45.98842509462057
45.909406865239454 42.62380799934121 45.597440664276256
45.909406865239454 42.62380799934121 45.597440664276256
47.25394247067809 42.5875339455562 45.70773373094589
47.25394247067809 42.5875339455562 45.70773373094589
42.342759751977695 43.07863223353897 46.092594582540876
42.342759751977695 43.07863223353897 46.092594582540876
43.226306395449356 43.1392811724231 45.59253700059506
43.226306395449356 43.1392811724231 45.59253700059506
44.54753171440859 43.55054412840403 45.94189035196672
44.54753171440859 43.55054412840403 45.94189035196672
45.549308005688346 43.476558635741696 46.09843337817236
45.549308005688346 43.476558635741696 46.09843337817236
46.53781896271312 43.36476046382485 45.88548180720112
46.53781896271312 43.36476046382485 45.88548180720112
47.8267876717879 43.37700983567319 46.33911790592484
47.8267876717879 43.37700983567319 46.33911790592484
41.901996582642155 43.84835873911838 45.624383794139675
41.901996582642155 43.84835873911838 45.624383794139675
42.39712983324975 44.633119919600105 46.01059608276744
42.39712983324975 44.633119919600105 46.01059608276744
43.338035488693265 44.05602230867616 46.009699150668936
43.338035488693265 44.05602230867616 46.009699150668936
45.44078692350062 44.43816018817252 45.77246534080896
45.44078692350062 44.43816018817252 45.77246534080896
46.203586358384776 44.181335220270114 46.37554163053032
46.203586358384776 44.181335220270114 46.37554163053032
47.22062908222953 44.109212986486824 46.017214481322604
47.22062908222953 44.109212986486824 46.017214481322604
48.18767960420886 44.148156453309696 45.750582081222944
48.18767960420886 44.148156453309696 45.750582081222944
41.75762748026692 45.54763152348361 45.95436220261817
41.75762748026692 45.54763152348361 45.95436220261817
42.30531234304101 46.33532276670566 45.63510080664466
42.30531234304101 46.33532276670566 45.63510080664466
43.93897783201915 45.764110143645865 46.18059560523998
43.93897783201915 45.764110143645865 46.18059560523998
44.76561474885949 45.16142980622795 46.12686862867194
44.76561474885949 45.16142980622795 46.12686862867194
45.79134598042322 45.391797344689714 45.50166198164443
45.79134598042322 45.391797344689714 45.50166198164443
46.550517786094126 45.07587245411438 46.072433996591144
46.550517786094126 45.07587245411438 46.072433996591144
47.45044672175614 45.29989863420305 45.692471260959465
47.45044672175614 45.29989863420305 45.692471260959465
48.27061541926468 45.037662802526526 46.20345390597208
48.27061541926468 45.037662802526526 46.20345390597208
42.01796767608248 46.24018834680459 46.64458868764354
42.01796767608248 46.24018834680459 46.64458868764354
43.20804589428478 46.41143257924049 46.67102761528373
43.20804589428478 46.41143257924049 46.67102761528373
44.54369124591075 46.61365081868061 45.92302570795099
44.54369124591075 46.61365081868061 45.92302570795099
45.564746651356714 46.508075432035454 45.737916804921845
45.564746651356714 46.508075432035454 45.737916804921845
46.10970606050504 45.9499906224252 46.398502740493015
46.10970606050504 45.9499906224252 46.398502740493015
47.10302651370324 46.139974545161294 46.226475226616806
47.10302651370324 46.139974545161294 46.226475226616806
48.085413094026194 46.03567639589243 46.394768969971
48.085413094026194 46.03567639589243 46.394768969971
42.476255477444695 47.06847322044298 46.298119396445145
42.476255477444695 47.06847322044298 46.298119396445145
43.35648823731459 46.722586169488316 45.7172040853762
43.35648823731459 46.722586169488316 45.7172040853762
44.126639996908935 47.28543918854988 45.166514356032216
44.126639996908935 47.28543918854988 45.166514356032216
45.91701547718284 47.33650541259454 46.211968865938566
45.91701547718284 47.33650541259454 46.211968865938566
46.62670370429402 46.83139344362671 45.67590484161778
46.62670370429402 46.83139344362671 45.67590484161778
47.60166142494998 46.919809097175836 46.61039931470463
47.60166142494998 46.919809097175836 46.61039931470463
43.330194158530105 47.837578146517885 45.88493402711774
43.330194158530105 47.837578146517885 45.88493402711774
44.203736692510034 48.21104810700431 45.53992006155851
44.203736692510034 48.21104810700431 45.53992006155851
45.07604330994047 48.28283759191671 46.02564987254615
45.07604330994047 48.28283759191671 46.02564987254615
45.973388735223445 48.1596277200869 45.59820310377613
45.973388735223445 48.1596277200869 45.59820310377613
46.978902419325806 47.602195015720014 46.2244332308293
46.978902419325806 47.602195015720014 46.2244332308293
43.75873136658893 42.05345417085343 46.91814374026026
43.75873136658893 42.05345417085343 46.91814374026026
43.95752637736736 42.83647715298994 46.32788492983776
43.95752637736736 42.83647715298994 46.32788492983776
45.74828837519082 42.623701168801745 46.59005228820319
45.74828837519082 42.623701168801745 46.59005228820319
46.45392191297264 42.1989117974892 47.21647963370786
46.45392191297264 42.1989117974892 47.21647963370786
43.061940516199826 42.36803755340125 46.232421218543
43.061940516199826 42.36803755340125 46.232421218543
43.93489498100975 43.80405452789603 46.775162809439024
43.93489498100975 43.80405452789603 46.775162809439024
44.86322897839254 42.94806558235558 46.93292126508361
44.86322897839254 42.94806558235558 46.93292126508361
46.45153683983863 43.28174467890926 46.88080825216732
46.45153683983863 43.28174467890926 46.88080825216732
47.21762788951344 42.66130644584548 46.705132987611215
47.21762788951344 42.66130644584548 46.705132987611215
41.95975160505013 43.903230396057666 46.622419011344704
41.95975160505013 43.903230396057666 46.622419011344704
43.08089544664253 43.28281777288771 46.74378209729105
43.08089544664253 43.28281777288771 46.74378209729105
44.839263718542426 44.30662144912266 46.68583899570421
44.839263718542426 44.30662144912266 46.68583899570421
45.53406029615774 43.70776678165882 47.08773008721047
45.53406029615774 43.70776678165882 47.08773008721047
47.093288699578046 44.03978711357783 47.05670417435733
47.093288699578046 44.03978711357783 47.05670417435733
48.10896120993596 44.207304886571876 46.82908198127598
48.10896120993596 44.207304886571876 46.82908198127598
41.786420596388226 44.97275684930695 46.7851668855079
41.786420596388226 44.97275684930695 46.7851668855079
43.06418954518941 44.25858473658717 46.97430604758987
43.06418954518941 44.25858473658717 46.97430604758987
43.85527989658323 44.76277912696837 46.49971111349708
43.85527989658323 44.76277912696837 46.49971111349708
44.80389838685353 45.41285907518894 47.10951354830653
44.80389838685353 45.41285907518894 47.10951354830653
45.67055896536552 45.05024673160818 46.75960735465327
45.67055896536552 45.05024673160818 46.75960735465327
46.204783945391995 44.457685878751946 47.401003600077495
46.204783945391995 44.457685878751946 47.401003600077495
48.14248740469114 45.37961715631964 47.15275350795908
48.14248740469114 45.37961715631964 47.15275350795908
42.716158403181026 45.64452884484283 46.230130578470586
42.716158403181026 45.64452884484283 46.230130578470586
43.80382247120974 45.490822848841255 47.18486093035908
43.80382247120974 45.490822848841255 47.18486093035908
45.24038462407632 46.35536849253508 46.714522401286295
45.24038462407632 46.35536849253508 46.714522401286295
45.93289326857599 46.141987401358264 47.415169095576395
45.93289326857599 46.141987401358264 47.415169095576395
46.802805423377016 45.65940438996028 47.075780490685275
46.802805423377016 45.65940438996028 47.075780490685275
47.37416266225928 44.93950660799 46.66619384390947
47.37416266225928 44.93950660799 46.66619384390947
43.89296260799047 47.18726950604947 46.444496948708824
43.89296260799047 47.18726950604947 46.444496948708824
44.88558342982661 47.388390684028735 46.507227125376716
44.88558342982661 47.388390684028735 46.507227125376716
45.06155487575083 47.3978359413577 45.50895533612018
45.06155487575083 47.3978359413577 45.50895533612018
45.63333298895154 47.18914047488939 47.164536631578265
45.63333298895154 47.18914047488939 47.164536631578265
46.54907133590553 46.77707823205183 46.88954895939667
46.54907133590553 46.77707823205183 46.88954895939667
43.09334636602456 47.56802954346374 46.90928231362034
43.09334636602456 47.56802954346374 46.90928231362034
44.22305772146582 48.1449746100175 46.5507104054059
44.22305772146582 48.1449746100175 46.5507104054059
45.71376127349006 48.1321491707815 46.795681063510116
45.71376127349006 48.1321491707815 46.795681063510116
46.574558879435344 47.7482233767241 47.13892970225306
46.574558879435344 47.7482233767241 47.13892970225306
44.549179784894434 41.933932042462345 47.565763225697694
44.549179784894434 41.933932042462345 47.565763225697694
45.494806747969555 41.885035800142276 47.229313869035266
45.494806747969555 41.885035800142276 47.229313869035266
42.995760444631884 42.61856813214308 47.48758992155867
42.995760444631884 42.61856813214308 47.48758992155867
43.941634109219436 42.94557282650578 47.33362891048073
43.941634109219436 42.94557282650578 47.33362891048073
44.85216776570272 42.84289901973885 47.94376338807382
44.85216776570272 42.84289901973885 47.94376338807382
45.807414335089796 42.87518286587414 47.604128316749005
45.807414335089796 42.87518286587414 47.604128316749005
47.1599935775448 42.81069998025349 47.6954491181789
47.1599935775448 42.81069998025349 47.6954491181789
42.32301702535118 43.386295901740056 47.40892952161692
42.32301702535118 43.386295901740056 47.40892952161692
43.248221783864466 43.56785569777688 47.74520286956618
43.248221783864466 43.56785569777688 47.74520286956618
44.47739257256667 43.766228586250506 47.62095622587299
44.47739257256667 43.766228586250506 47.62095622587299
45.35921365263591 43.69911615216512 48.09662297235576
45.35921365263591 43.69911615216512 48.09662297235576
46.49292048623056 43.60029574550778 47.86297750424412
46.49292048623056 43.60029574550778 47.86297750424412
47.74189499410744 43.62653339348695 47.74222003423979
47.74189499410744 43.62653339348695 47.74222003423979
41.96974690598519 44.322659737973524 47.53150106100696
41.96974690598519 44.322659737973524 47.53150106100696
42.86135008225206 44.51313616206059 47.9541477481319
42.86135008225206 44.51313616206059 47.9541477481319
43.81994947741333 44.548880569508256 47.59841517859063
43.81994947741333 44.548880569508256 47.59841517859063
45.11274235741056 44.57101379678298 47.63503839287321
45.11274235741056 44.57101379678298 47.63503839287321
45.85564469842877 44.53821616994594 48.3449453968345
45.85564469842877 44.53821616994594 48.3449453968345
47.05728708747068 44.48464289752927 47.9565585406157
47.05728708747068 44.48464289752927 47.9565585406157
48.035773037188406 44.583226722085456 47.75482761498061
48.035773037188406 44.583226722085456 47.75482761498061
42.7453680751632 45.19984387299748 47.12784274478828
42.7453680751632 45.19984387299748 47.12784274478828
43.431870691760935 45.316651976010164 48.127087328204524
43.431870691760935 45.316651976010164 48.127087328204524
44.455989782531574 45.221022338525145 48.05074076852779
44.455989782531574 45.221022338525145 48.05074076852779
45.454639278151 45.45179025701909 47.99247131914678
45.454639278151 45.45179025701909 47.99247131914678
46.44287945184884 45.27540752393893 47.994000657406964
46.44287945184884 45.27540752393893 47.994000657406964
47.42002654807749 45.444756723312445 47.84645511256383
47.42002654807749 45.444756723312445 47.84645511256383
41.97852413740864 45.731171891459645 47.51037336579328
41.97852413740864 45.731171891459645 47.51037336579328
42.93294006925635 46.066920480964704 47.659262747108976
42.93294006925635 46.066920480964704 47.659262747108976
44.25457178580966 46.38929135465587 46.92867319717851
44.25457178580966 46.38929135465587 46.92867319717851
44.96310548572799 46.288636195938594 47.69420408889385
44.96310548572799 46.288636195938594 47.69420408889385
45.91865744628144 46.31361331626016 48.42036678286565
45.91865744628144 46.31361331626016 48.42036678286565
46.79994140042443 46.23631264021621 47.93870012078245
46.79994140042443 46.23631264021621 47.93870012078245
47.836181926840915 46.30298685722135 47.43660205963831
47.836181926840915 46.30298685722135 47.43660205963831
42.47474594920999 46.87548330667512 47.284908739083114
42.47474594920999 46.87548330667512 47.284908739083114
43.5265998244662 46.90508637607868 47.52226806529776
43.5265998244662 46.90508637607868 47.52226806529776
44.55821700179551 47.18149289472035 47.47208475582941
44.55821700179551 47.18149289472035 47.47208475582941
45.359430835407764 47.11848363270324 48.16513221107118
45.359430835407764 47.11848363270324 48.16513221107118
46.32299623669764 47.140219354139745 47.89814375314588
46.32299623669764 47.140219354139745 47.89814375314588
47.265390645616804 47.118259054192386 47.55200739505021
47.265390645616804 47.118259054192386 47.55200739505021
43.86189472020139 47.90276624676369 47.45613518269775
43.86189472020139 47.90276624676369 47.45613518269775
44.86540852664368 48.1355248194421 47.330380955215965
44.86540852664368 48.1355248194421 47.330380955215965
45.74802283171621 47.96520948002069 47.786688363758536
45.74802283171621 47.96520948002069 47.786688363758536
43.75469455918517 42.27256249032921 48.076628383818424
43.75469455918517 42.27256249032921 48.076628383818424
44.57916035066337 42.18015467159958 48.67504456201107
44.57916035066337 42.18015467159958 48.67504456201107
45.46892264259725 42.07012681904507 48.215079109315504
45.46892264259725 42.07012681904507 48.215079109315504
46.41748035860263 42.39961943450314 48.23894697968708
46.41748035860263 42.39961943450314 48.23894697968708
43.041244900591224 42.85467772014347 48.471167420136204
43.041244900591224 42.85467772014347 48.471167420136204
43.99202043542749 43.21624769909455 48.368897167785754
43.99202043542749 43.21624769909455 48.368897167785754
44.84154664853651 43.11552868525858 48.92765103119907
44.84154664853651 43.11552868525858 48.92765103119907
45.968721157005334 43.233400038453965 48.74085353758917
45.968721157005334 43.233400038453965 48.74085353758917
47.06788331148907 43.038221693284086 48.67753973547074
47.06788331148907 43.038221693284086 48.67753973547074
42.40458421998734 43.644502900975525 48.37909573940873
42.40458421998734 43.644502900975525 48.37909573940873
43.43728950185579 44.031275376198565 48.621803857849365
43.43728950185579 44.031275376198565 48.621803857849365
44.48968464404271 44.16940212580904 48.561531292758275
44.48968464404271 44.16940212580904 48.561531292758275
45.33139940999116 43.98726149095788 49.07372648055955
45.33139940999116 43.98726149095788 49.07372648055955
46.67151376345923 44.01831483864336 48.75376609784223
46.67151376345923 44.01831483864336 48.75376609784223
47.68254374135413 44.02419676569444 48.66250924836635
47.68254374135413 44.02419676569444 48.66250924836635
42.04795207481594 45.04863251731507 48.27802494410722
42.04795207481594 45.04863251731507 48.27802494410722
42.84868655999935 44.911042643861265 48.888729426482314
42.84868655999935 44.911042643861265 48.888729426482314
43.96922630253326 44.96191987003509 48.8952893288812
43.96922630253326 44.96191987003509 48.8952893288812
45.01593602248928 44.98075088237982 48.8464392508111
45.01593602248928 44.98075088237982 48.8464392508111
45.956811957340555 45.410879125324925 48.860270726171144
45.956811957340555 45.410879125324925 48.860270726171144
46.87346700726971 45.00123297119722 48.90795872582811
46.87346700726971 45.00123297119722 48.90795872582811
47.85986990673463 45.01199883548703 48.642741289060055
47.85986990673463 45.01199883548703 48.642741289060055
42.27006187057829 46.02188910654831 48.4319551036242
42.27006187057829 46.02188910654831 48.4319551036242
43.22755552119942 46.12875269631287 48.70538817567291
43.22755552119942 46.12875269631287 48.70538817567291
44.784967916227316 45.95171159265289 48.68942535972002
44.784967916227316 45.95171159265289 48.68942535972002
45.39165972941878 45.682170899957875 49.66314444790268
45.39165972941878 45.682170899957875 49.66314444790268
46.726175525076854 46.04906348944156 49.00969159158417
46.726175525076854 46.04906348944156 49.00969159158417
47.6550437433218 46.10957190725126 48.576839718865926
47.6550437433218 46.10957190725126 48.576839718865926
42.73565173749448 46.90249866439178 48.25660156075933
42.73565173749448 46.90249866439178 48.25660156075933
44.00437383047742 46.1360479825108 47.95380388639634
44.00437383047742 46.1360479825108 47.95380388639634
44.44548639056801 46.88291348659824 48.504665588093125
44.44548639056801 46.88291348659824 48.504665588093125
45.258234422128645 46.73178797717584 49.11220952014425
45.258234422128645 46.73178797717584 49.11220952014425
47.09698674171933 46.979253397006126 48.55421745271251
47.09698674171933 46.979253397006126 48.55421745271251
43.5159627231465 47.5381105574177 48.32956576328248
43.5159627231465 47.5381105574177 48.32956576328248
44.47765834410511 47.91069711715872 48.25789122478679
44.47765834410511 47.91069711715872 48.25789122478679
45.150713970957355 47.757764389662455 48.981849680455774
45.150713970957355 47.757764389662455 48.981849680455774
46.158468896901624 47.57037959047859 48.788045948524775
46.158468896901624 47.57037959047859 48.788045948524775
43.80510846865509 42.58002827087641 49.17960116694003
43.80510846865509 42.58002827087641 49.17960116694003
44.6290409145859 42.54195171331564 49.75932679445251
44.6290409145859 42.54195171331564 49.75932679445251
45.54576434906654 42.3578209377328 49.18243033491275
45.54576434906654 42.3578209377328 49.18243033491275
42.512436799266666 44.0648599553636 49.30217261293126
42.512436799266666 44.0648599553636 49.30217261293126
43.06213301163659 43.23441106867884 49.404475298982454
43.06213301163659 43.23441106867884 49.404475298982454
44.03159422732138 43.58286297335101 49.309764444012586
44.03159422732138 43.58286297335101 49.309764444012586
44.90596144861401 43.51416989227668 49.859739524460565
44.90596144861401 43.51416989227668 49.859739524460565
46.36701763756949 42.84093332710118 49.58318981213248
46.36701763756949 42.84093332710118 49.58318981213248
47.14994962018865 43.57374555056879 49.518135741049754
47.14994962018865 43.57374555056879 49.518135741049754
42.58407141943185 44.88510929017923 49.91917219316543
42.58407141943185 44.88510929017923 49.91917219316543
43.4565183638755 44.409175753731375 49.55478301419835
43.4565183638755 44.409175753731375 49.55478301419835
44.523687446140514 44.42688511460801 49.53528523903909
44.523687446140514 44.42688511460801 49.53528523903909
46.181850975265114 43.833973814516455 49.618324918090295
46.181850975265114 43.833973814516455 49.618324918090295
47.52895544323698 44.52115276195954 49.53450526858857
47.52895544323698 44.52115276195954 49.53450526858857
42.463474171556854 45.71446299670009 49.36606688642206
42.463474171556854 45.71446299670009 49.36606688642206
43.389877313253436 45.43232454844493 49.66232271886558
43.389877313253436 45.43232454844493 49.66232271886558
44.386527699902075 45.52581962889349 49.60956152273269
44.386527699902075 45.52581962889349 49.60956152273269
45.70135702745368 44.72656747625548 49.64036399509588
45.70135702745368 44.72656747625548 49.64036399509588
46.38463292961352 45.4859908777841 49.78037010071472
46.38463292961352 45.4859908777841 49.78037010071472
47.54645654827678 45.59042430753553 49.42551067338311
47.54645654827678 45.59042430753553 49.42551067338311
42.998265043734676 46.36834634525897 49.90512382468237
42.998265043734676 46.36834634525897 49.90512382468237
44.03346676114951 46.428368500829315 49.304162818138394
44.03346676114951 46.428368500829315 49.304162818138394
44.789668131146996 46.428987486328765 49.971029407638056
44.789668131146996 46.428987486328765 49.971029407638056
46.025960302665766 46.41309304078086 49.967731339768285
46.025960302665766 46.41309304078086 49.967731339768285
47.01338788512381 46.22829441207922 50.05441271592137
47.01338788512381 46.22829441207922 50.05441271592137
43.21643516527307 47.026645298425834 49.17713953502087
43.21643516527307 47.026645298425834 49.17713953502087
44.0753905686974 47.54273344285018 49.159133092672775
44.0753905686974 47.54273344285018 49.159133092672775
45.790817929659624 47.37152646017071 49.724738671193826
45.790817929659624 47.37152646017071 49.724738671193826
46.67978526946677 46.98456345808894 49.463972918955385
46.67978526946677 46.98456345808894 49.463972918955385
44.794835402875194 47.43186180419753 49.86828479496551
44.794835402875194 47.43186180419753 49.86828479496551
43.78765549734695 43.00107789303016 50.09922325708493
43.78765549734695 43.00107789303016 50.09922325708493
45.50164571380287 43.278316372343355 51.04631262093866
45.50164571380287 43.278316372343355 51.04631262093866
45.54944560071759 42.755136543100704 50.1560367958007
45.54944560071759 42.755136543100704 50.1560367958007
43.115071149302764 43.75246113083803 50.26054029041949
43.115071149302764 43.75246113083803 50.26054029041949
44.61815674527287 42.993926432237714 50.663934389305055
44.61815674527287 42.993926432237714 50.663934389305055
45.59407039642738 44.041650445380796 50.401702534342135
45.59407039642738 44.041650445380796 50.401702534342135
46.33165235412506 43.31072480631342 50.471442411700195
46.33165235412506 43.31072480631342 50.471442411700195
42.97907162214359 45.543630577283785 50.57645851914958
42.97907162214359 45.543630577283785 50.57645851914958
43.935617952728975 44.88420257556322 50.30126083980706
43.935617952728975 44.88420257556322 50.30126083980706
44.938921390101484 45.00431723735237 50.27157706198342
44.938921390101484 45.00431723735237 50.27157706198342
46.32284889945847 44.805433286651635 50.52529510286191
46.32284889945847 44.805433286651635 50.52529510286191
47.24654478668184 45.128962199780275 50.28089092054231
47.24654478668184 45.128962199780275 50.28089092054231
43.54162874885752 46.359103164033 50.7445947361263
43.54162874885752 46.359103164033 50.7445947361263
44.34437812884232 45.77503618148201 50.587044584779285
44.34437812884232 45.77503618148201 50.587044584779285
45.56897060512788 45.692973758180116 50.65788586030633
45.56897060512788 45.692973758180116 50.65788586030633
46.7378276478995 45.706312304175306 50.92753913845043
46.7378276478995 45.706312304175306 50.92753913845043
43.86062619590133 47.05507232490584 50.07338376607511
43.86062619590133 47.05507232490584 50.07338376607511
45.36122107514708 47.04373850624306 50.60681111538311
45.36122107514708 47.04373850624306 50.60681111538311
46.102839608748816 46.47956986740926 50.972309551714424
46.102839608748816 46.47956986740926 50.972309551714424
43.81984737482004 43.554688166239515 50.94226114204124
43.81984737482004 43.554688166239515 50.94226114204124
44.65757396422306 43.62061375319712 51.49378644938791
44.65757396422306 43.62061375319712 51.49378644938791
45.5541790472986 43.99525392546364 51.743102900168225
45.5541790472986 43.99525392546364 51.743102900168225
46.382585042359395 44.020096076987315 51.17838371019307
46.382585042359395 44.020096076987315 51.17838371019307
43.117821366714224 44.56720556855815 50.843441386072804
43.117821366714224 44.56720556855815 50.843441386072804
43.796630502521296 44.35269079905905 51.548773692076026
43.796630502521296 44.35269079905905 51.548773692076026
44.579990786162824 44.125074591958025 50.616857887956805
44.579990786162824 44.125074591958025 50.616857887956805
45.560492402548505 44.9373966220448 52.082013340726576
45.560492402548505 44.9373966220448 52.082013340726576
47.0198888382977 44.10573638618476 50.36198022988607
47.0198888382977 44.10573638618476 50.36198022988607
43.52283967640609 45.30898469110117 51.40006917782538
43.52283967640609 45.30898469110117 51.40006917782538
44.48686726536492 45.02988407257538 51.24130035461781
44.48686726536492 45.02988407257538 51.24130035461781
45.49102435417857 44.78124268252296 51.08780391901038
45.49102435417857 44.78124268252296 51.08780391901038
46.3907588240133 44.96219239647891 51.52417943974223
46.3907588240133 44.96219239647891 51.52417943974223
44.128925253870975 46.09847430935055 51.51345993022604
44.128925253870975 46.09847430935055 51.51345993022604
44.83369259526438 45.62350647072555 52.04935507137688
44.83369259526438 45.62350647072555 52.04935507137688
45.87713207953564 45.80841097293184 51.706027350852096
45.87713207953564 45.80841097293184 51.706027350852096
44.42363657931132 46.8184133061893 50.879897982488345
44.42363657931132 46.8184133061893 50.879897982488345
45.12308029536066 46.42728756552566 51.4820867089007
45.12308029536066 46.42728756552566 51.4820867089007
44.68297636095603 44.453025095643696 52.05492204139922
44.68297636095603 44.453025095643696 52.05492204139922
POINT_DATA 1024
vectors velocity float
0.0 0.0 0.0
0.0 0.0 0.0
0.0 0.0 0.0
0.0 0.0 0.0
0.0 0.0 0.0
0.0 0.0 0.0
0.0 0.0 0.0
0.0 0.0 0.0
0.0 0.0 0.0
0.0 0.0 0.0
0.0 0.0 0.0
0.0 0.0 0.0
0.0 0.0 0.0
0.0 0.0 0.0
0.0 0.0 0.0
0.0 0.0 0.0
0.0 0.0 0.0
0.0 0.0 0.0
0.0 0.0 0.0
0.0 0.0 0.0
0.0 0.0 0.0
0.0 0.0 0.0
0.0 0.0 0.0
0.0 0.0 0.0
0.0 0.0 0.0
0.0 0.0 0.0
0.0 0.0 0.0
0.0 0.0 0.0
0.0 0.0 0.0
0.0 0.0 0.0
0.0 0.0 0.0
0.0 0.0 0.0
0.0 0.0 0.0
0.0 0.0 0.0
0.0 0.0 0.0
0.0 0.0 0.0
0.0 0.0 0.0
0.0 0.0 0.0
0.0 0.0 0.0
0.0 0.0 0.0
0.0 0.0 0.0
0.0 0.0 0.0
0.0 0.0 0.0
0.0 0.0 0.0
0.0 0.0 0.0
0.0 0.0 0.0
0.0 0.0 0.0
0.0 0.0 0.0
0.0 0.0 0.0
0.0 0.0 0.0
0.0 0.0 0.0
0.0 0.0 0.0
0.0 0.0 0.0
0.0 0.0 0.0
0.0 0.0 0.0
0.0 0.0 0.0
0.0 0.0 0.0
0.0 0.0 0.0
0.0 0.0 0.0
0.0 0.0 0.0
0.0 0.0 0.0
0.0 0.0 0.0
0.0 0.0 0.0
0.0 0.0 0.0
0.0 0.0 0.0
0.0 0.0 0.0
0.0 0.0 0.0
0.0 0.0 0.0
0.0 0.0 0.0
0.0 0.0 0.0
0.0 0.0 0.0
0.0 0.0 0.0
0.0 0.0 0.0
0.0 0.0 0.0
0.0 0.0 0.0
0.0 0.0 0.0
0.0 0.0 0.0
0.0 0.0 0.0
0.0 0.0 0.0
0.0 0.0 0.0
0.0 0.0 0.0
0.0 0.0 0.0
0.0 0.0 0.0
0.0 0.0 0.0
0.0 0.0 0.0
0.0 0.0 0.0
0.0 0.0 0.0
0.0 0.0 0.0
0.0 0.0 0.0
0.0 0.0 0.0
0.0 0.0 0.0
0.0 0.0 0.0
0.0 0.0 0.0
0.0 0.0 0.0
0.0 0.0 0.0
0.0 0.0 0.0
0.0 0.0 0.0
0.0 0.0 0.0
0.0 0.0 0.0
0.0 0.0 0.0
0.0 0.0 0.0
0.0 0.0 0.0
0.0 0.0 0.0
0.0 0.0 0.0
0.0 0.0 0.0
0.0 0.0 0.0
0.0 0.0 0.0
0.0 0.0 0.0
0.0 0.0 0.0
0.0 0.0 0.0
0.0 0.0 0.0
0.0 0.0 0.0
0.0 0.0 0.0
0.0 0.0 0.0
0.0 0.0 0.0
0.0 0.0 0.0
0.0 0.0 0.0
0.0 0.0 0.0
0.0 0.0 0.0
0.0 0.0 0.0
0.0 0.0 0.0
0.0 0.0 0.0
0.0 0.0 0.0
0.0 0.0 0.0
0.0 0.0 0.0
0.0 0.0 0.0
0.0 0.0 0.0
0.0 0.0 0.0
0.0 0.0 0.0
0.0 0.0 0.0
0.0 0.0 0.0
0.0 0.0 0.0
0.0 0.0 0.0
0.0 0.0 0.0
0.0 0.0 0.0
0.0 0.0 0.0
0.0 0.0 0.0
0.0 0.0 0.0
0.0 0.0 0.0
0.0 0.0 0.0
0.0 0.0 0.0
0.0 0.0 0.0
0.0 0.0 0.0
0.0 0.0 0.0
0.0 0.0 0.0
0.0 0.0 0.0
0.0 0.0 0.0
0.0 0.0 0.0
0.0 0.0 0.0
0.0 0.0 0.0
0.0 0.0 0.0
0.0 0.0 0.0
0.0 0.0 0.0
0.0 0.0 0.0
0.0 0.0 0.0
0.0 0.0 0.0
0.0 0.0 0.0
0.0 0.0 0.0
0.0 0.0 0.0
0.0 0.0 0.0
0.0 0.0 0.0
0.0 0.0 0.0
0.0 0.0 0.0
0.0 0.0 0.0
0.0 0.0 0.0
0.0 0.0 0.0
0.0 0.0 0.0
0.0 0.0 0.0
0.0 0.0 0.0
0.0 0.0 0.0
0.0 0.0 0.0
0.0 0.0 0.0
0.0 0.0 0.0
0.0 0.0 0.0
0.0 0.0 0.0
0.0 0.0 0.0
0.0 0.0 0.0
0.0 0.0 0.0
0.0 0.0 0.0
0.0 0.0 0.0
0.0 0.0 0.0
0.0 0.0 0.0
0.0 0.0 0.0
0.0 0.0 0.0
0.0 0.0 0.0
0.0 0.0 0.0
0.0 0.0 0.0
0.0 0.0 0.0
0.0 0.0 0.0
0.0 0.0 0.0
0.0 0.0 0.0
0.0 0.0 0.0
0.0 0.0 0.0
0.0 0.0 0.0
0.0 0.0 0.0
0.0 0.0 0.0
0.0 0.0 0.0
0.0 0.0 0.0
0.0 0.0 0.0
0.0 0.0 0.0
0.0 0.0 0.0
0.0 0.0 0.0
0.0 0.0 0.0
0.0 0.0 0.0
0.0 0.0 0.0
0.0 0.0 0.0
0.0 0.0 0.0
0.0 0.0 0.0
0.0 0.0 0.0
0.0 0.0 0.0
0.0 0.0 0.0
0.0 0.0 0.0
0.0 0.0 0.0
0.0 0.0 0.0
0.0 0.0 0.0
0.0 0.0 0.0
0.0 0.0 0.0
0.0 0.0 0.0
0.0 0.0 0.0
0.0 0.0 0.0
0.0 0.0 0.0
0.0 0.0 0.0
0.0 0.0 0.0
0.0 0.0 0.0
0.0 0.0 0.0
0.0 0.0 0.0
0.0 0.0 0.0
0.0 0.0 0.0
0.0 0.0 0.0
0.0 0.0 0.0
0.0 0.0 0.0
0.0 0.0 0.0
0.0 0.0 0.0
0.0 0.0 0.0
0.0 0.0 0.0
0.0 0.0 0.0
0.0 0.0 0.0
0.0 0.0 0.0
0.0 0.0 0.0
0.0 0.0 0.0
0.0 0.0 0.0
0.0 0.0 0.0
0.0 0.0 0.0
0.0 0.0 0.0
0.0 0.0 0.0
0.0 0.0 0.0
0.0 0.0 0.0
0.0 0.0 0.0
0.0 0.0 0.0
0.0 0.0 0.0
0.0 0.0 0.0
0.0 0.0 0.0
0.0 0.0 0.0
0.0 0.0 0.0
0.0 0.0 0.0
0.0 0.0 0.0
0.0 0.0 0.0
0.0 0.0 0.0
0.0 0.0 0.0
0.0 0.0 0.0
0.0 0.0 0.0
0.0 0.0 0.0
0.0 0.0 0.0
0.0 0.0 0.0
0.0 0.0 0.0
0.0 0.0 0.0
0.0 0.0 0.0
0.0 0.0 0.0
0.0 0.0 0.0
0.0 0.0 0.0
0.0 0.0 0.0
0.0 0.0 0.0
0.0 0.0 0.0
0.0 0.0 0.0
0.0 0.0 0.0
0.0 0.0 0.0
0.0 0.0 0.0
0.0 0.0 0.0
0.0 0.0 0.0
0.0 0.0 0.0
0.0 0.0 0.0
0.0 0.0 0.0
0.0 0.0 0.0
0.0 0.0 0.0
0.0 0.0 0.0
0.0 0.0 0.0
0.0 0.0 0.0
0.0 0.0 0.0
0.0 0.0 0.0
0.0 0.0 0.0
0.0 0.0 0.0
0.0 0.0 0.0
0.0 0.0 0.0
0.0 0.0 0.0
0.0 0.0 0.0
0.0 0.0 0.0
0.0 0.0 0.0
0.0 0.0 0.0
0.0 0.0 0.0
0.0 0.0 0.0
0.0 0.0 0.0
0.0 0.0 0.0
0.0 0.0 0.0
0.0 0.0 0.0
0.0 0.0 0.0
0.0 0.0 0.0
0.0 0.0 0.0
0.0 0.0 0.0
0.0 0.0 0.0
0.0 0.0 0.0
0.0 0.0 0.0
0.0 0.0 0.0
0.0 0.0 0.0
0.0 0.0 0.0
0.0 0.0 0.0
0.0 0.0 0.0
0.0 0.0 0.0
0.0 0.0 0.0
0.0 0.0 0.0
0.0 0.0 0.0
0.0 0.0 0.0
0.0 0.0 0.0
0.0 0.0 0.0
0.0 0.0 0.0
0.0 0.0 0.0
0.0 0.0 0.0
0.0 0.0 0.0
0.0 0.0 0.0
0.0 0.0 0.0
0.0 0.0 0.0
0.0 0.0 0.0
0.0 0.0 0.0
0.0 0.0 0.0
0.0 0.0 0.0
0.0 0.0 0.0
0.0 0.0 0.0
0.0 0.0 0.0
0.0 0.0 0.0
0.0 0.0 0.0
0.0 0.0 0.0
0.0 0.0 0.0
0.0 0.0 0.0
0.0 0.0 0.0
0.0 0.0 0.0
0.0 0.0 0.0
0.0 0.0 0.0
0.0 0.0 0.0
0.0 0.0 0.0
0.0 0.0 0.0
0.0 0.0 0.0
0.0 0.0 0.0
0.0 0.0 0.0
0.0 0.0 0.0
0.0 0.0 0.0
0.0 0.0 0.0
0.0 0.0 0.0
0.0 0.0 0.0
0.0 0.0 0.0
0.0 0.0 0.0
0.0 0.0 0.0
0.0 0.0 0.0
0.0 0.0 0.0
0.0 0.0 0.0
0.0 0.0 0.0
0.0 0.0 0.0
0.0 0.0 0.0
0.0 0.0 0.0
0.0 0.0 0.0
0.0 0.0 0.0
0.0 0.0 0.0
0.0 0.0 0.0
0.0 0.0 0.0
0.0 0.0 0.0
0.0 0.0 0.0
0.0 0.0 0.0
0.0 0.0 0.0
0.0 0.0 0.0
0.0 0.0 0.0
0.0 0.0 0.0
0.0 0.0 0.0
0.0 0.0 0.0
0.0 0.0 0.0
0.0 0.0 0.0
0.0 0.0 0.0
0.0 0.0 0.0
0.0 0.0 0.0
0.0 0.0 0.0
0.0 0.0 0.0
0.0 0.0 0.0
0.0 0.0 0.0
0.0 0.0 0.0
0.0 0.0 0.0
0.0 0.0 0.0
0.0 0.0 0.0
0.0 0.0 0.0
0.0 0.0 0.0
0.0 0.0 0.0
0.0 0.0 0.0
0.0 0.0 0.0
0.0 0.0 0.0
0.0 0.0 0.0
0.0 0.0 0.0
0.0 0.0 0.0
0.0 0.0 0.0
0.0 0.0 0.0
0.0 0.0 0.0
0.0 0.0 0.0
0.0 0.0 0.0
0.0 0.0 0.0
0.0 0.0 0.0
0.0 0.0 0.0
0.0 0.0 0.0
0.0 0.0 0.0
0.0 0.0 0.0
0.0 0.0 0.0
0.0 0.0 0.0
0.0 0.0 0.0
0.0 0.0 0.0
0.0 0.0 0.0
0.0 0.0 0.0
0.0 0.0 0.0
0.0 0.0 0.0
0.0 0.0 0.0
0.0 0.0 0.0
0.0 0.0 0.0
0.0 0.0 0.0
0.0 0.0 0.0
0.0 0.0 0.0
0.0 0.0 0.0
0.0 0.0 0.0
0.0 0.0 0.0
0.0 0.0 0.0
0.0 0.0 0.0
0.0 0.0 0.0
0.0 0.0 0.0
0.0 0.0 0.0
0.0 0.0 0.0
0.0 0.0 0.0
0.0 0.0 0.0
0.0 0.0 0.0
0.0 0.0 0.0
0.0 0.0 0.0
0.0 0.0 0.0
0.0 0.0 0.0
0.0 0.0 0.0
0.0 0.0 0.0
0.0 0.0 0.0
0.0 0.0 0.0
0.0 0.0 0.0
0.0 0.0 0.0
0.0 0.0 0.0
0.0 0.0 0.0
0.0 0.0 0.0
0.0 0.0 0.0
0.0 0.0 0.0
0.0 0.0 0.0
0.0 0.0 0.0
0.0 0.0 0.0
0.0 0.0 0.0
0.0 0.0 0.0
0.0 0.0 0.0
0.0 0.0 0.0
0.0 0.0 0.0
0.0 0.0 0.0
0.0 0.0 0.0
0.0 0.0 0.0
0.0 0.0 0.0
0.0 0.0 0.0
0.0 0.0 0.0
0.0 0.0 0.0
0.0 0.0 0.0
0.0 0.0 0.0
0.0 0.0 0.0
0.0 0.0 0.0
0.0 0.0 0.0
0.0 0.0 0.0
0.0 0.0 0.0
0.0 0.0 0.0
0.0 0.0 0.0
0.0 0.0 0.0
0.0 0.0 0.0
0.0 0.0 0.0
0.0 0.0 0.0
0.0 0.0 0.0
0.0 0.0 0.0
0.0 0.0 0.0
0.0 0.0 0.0
0.0 0.0 0.0
0.0 0.0 0.0
0.0 0.0 0.0
0.0 0.0 0.0
0.0 0.0 0.0
0.0 0.0 0.0
0.0 0.0 0.0
0.0 0.0 0.0
0.0 0.0 0.0
0.0 0.0 0.0
0.0 0.0 0.0
0.0 0.0 0.0
0.0 0.0 0.0
0.0 0.0 0.0
0.0 0.0 0.0
0.0 0.0 0.0
0.0 0.0 0.0
0.0 0.0 0.0
0.0 0.0 0.0
0.0 0.0 0.0
0.0 0.0 0.0
0.0 0.0 0.0
0.0 0.0 0.0
0.0 0.0 0.0
0.0 0.0 0.0
0.0 0.0 0.0
0.0 0.0 0.0
0.0 0.0 0.0
0.0 0.0 0.0
0.0 0.0 0.0
0.0 0.0 0.0
0.0 0.0 0.0
0.0 0.0 0.0
0.0 0.0 0.0
0.0 0.0 0.0
0.0 0.0 0.0
0.0 0.0 0.0
0.0 0.0 0.0
0.0 0.0 0.0
0.0 0.0 0.0
0.0 0.0 0.0
0.0 0.0 0.0
0.0 0.0 0.0
0.0 0.0 0.0
0.0 0.0 0.0
0.0 0.0 0.0
0.0 0.0 0.0
0.0 0.0 0.0
0.0 0.0 0.0
0.0 0.0 0.0
0.0 0.0 0.0
0.0 0.0 0.0
0.0 0.0 0.0
0.0 0.0 0.0
0.0 0.0 0.0
0.0 0.0 0.0
0.0 0.0 0.0
0.0 0.0 0.0
0.0 0.0 0.0
0.0 0.0 0.0
0.0 0.0 0.0
0.0 0.0 0.0
0.0 0.0 0.0
0.0 0.0 0.0
0.0 0.0 0.0
0.0 0.0 0.0
0.0 0.0 0.0
0.0 0.0 0.0
0.0 0.0 0.0
0.0 0.0 0.0
0.0 0.0 0.0
0.0 0.0 0.0
0.0 0.0 0.0
0.0 0.0 0.0
0.0 0.0 0.0
0.0 0.0 0.0
0.0 0.0 0.0
0.0 0.0 0.0
0.0 0.0 0.0
0.0 0.0 0.0
0.0 0.0 0.0
0.0 0.0 0.0
0.0 0.0 0.0
0.0 0.0 0.0
0.0 0.0 0.0
0.0 0.0 0.0
0.0 0.0 0.0
0.0 0.0 0.0
0.0 0.0 0.0
0.0 0.0 0.0
0.0 0.0 0.0
0.0 0.0 0.0
0.0 0.0 0.0
0.0 0.0 0.0
0.0 0.0 0.0
0.0 0.0 0.0
0.0 0.0 0.0
0.0 0.0 0.0
0.0 0.0 0.0
0.0 0.0 0.0
0.0 0.0 0.0
0.0 0.0 0.0
0.0 0.0 0.0
0.0 0.0 0.0
0.0 0.0 0.0
0.0 0.0 0.0
0.0 0.0 0.0
0.0 0.0 0.0
0.0 0.0 0.0
0.0 0.0 0.0
0.0 0.0 0.0
0.0 0.0 0.0
0.0 0.0 0.0
0.0 0.0 0.0
0.0 0.0 0.0
0.0 0.0 0.0
0.0 0.0 0.0
0.0 0.0 0.0
0.0 0.0 0.0
0.0 0.0 0.0
0.0 0.0 0.0
0.0 0.0 0.0
0.0 0.0 0.0
0.0 0.0 0.0
0.0 0.0 0.0
0.0 0.0 0.0
0.0 0.0 0.0
0.0 0.0 0.0
0.0 0.0 0.0
0.0 0.0 0.0
0.0 0.0 0.0
0.0 0.0 0.0
0.0 0.0 0.0
0.0 0.0 0.0
0.0 0.0 0.0
0.0 0.0 0.0
0.0 0.0 0.0
0.0 0.0 0.0
0.0 0.0 0.0
0.0 0.0 0.0
0.0 0.0 0.0
0.0 0.0 0.0
0.0 0.0 0.0
0.0 0.0 0.0
0.0 0.0 0.0
0.0 0.0 0.0
0.0 0.0 0.0
0.0 0.0 0.0
0.0 0.0 0.0
0.0 0.0 0.0
0.0 0.0 0.0
0.0 0.0 0.0
0.0 0.0 0.0
0.0 0.0 0.0
0.0 0.0 0.0
0.0 0.0 0.0
0.0 0.0 0.0
0.0 0.0 0.0
0.0 0.0 0.0
0.0 0.0 0.0
0.0 0.0 0.0
0.0 0.0 0.0
0.0 0.0 0.0
0.0 0.0 0.0
0.0 0.0 0.0
0.0 0.0 0.0
0.0 0.0 0.0
0.0 0.0 0.0
0.0 0.0 0.0
0.0 0.0 0.0
0.0 0.0 0.0
0.0 0.0 0.0
0.0 0.0 0.0
0.0 0.0 0.0
0.0 0.0 0.0
0.0 0.0 0.0
0.0 0.0 0.0
0.0 0.0 0.0
0.0 0.0 0.0
0.0 0.0 0.0
0.0 0.0 0.0
0.0 0.0 0.0
0.0 0.0 0.0
0.0 0.0 0.0
0.0 0.0 0.0
0.0 0.0 0.0
0.0 0.0 0.0
0.0 0.0 0.0
0.0 0.0 0.0
0.0 0.0 0.0
0.0 0.0 0.0
0.0 0.0 0.0
0.0 0.0 0.0
0.0 0.0 0.0
0.0 0.0 0.0
0.0 0.0 0.0
0.0 0.0 0.0
0.0 0.0 0.0
0.0 0.0 0.0
0.0 0.0 0.0
0.0 0.0 0.0
0.0 0.0 0.0
0.0 0.0 0.0
0.0 0.0 0.0
0.0 0.0 0.0
0.0 0.0 0.0
0.0 0.0 0.0
0.0 0.0 0.0
0.0 0.0 0.0
0.0 0.0 0.0
0.0 0.0 0.0
0.0 0.0 0.0
0.0 0.0 0.0
0.0 0.0 0.0
0.0 0.0 0.0
0.0 0.0 0.0
0.0 0.0 0.0
0.0 0.0 0.0
0.0 0.0 0.0
0.0 0.0 0.0
0.0 0.0 0.0
0.0 0.0 0.0
0.0 0.0 0.0
0.0 0.0 0.0
0.0 0.0 0.0
0.0 0.0 0.0
0.0 0.0 0.0
0.0 0.0 0.0
0.0 0.0 0.0
0.0 0.0 0.0
0.0 0.0 0.0
0.0 0.0 0.0
0.0 0.0 0.0
0.0 0.0 0.0
0.0 0.0 0.0
0.0 0.0 0.0
0.0 0.0 0.0
0.0 0.0 0.0
0.0 0.0 0.0
0.0 0.0 0.0
0.0 0.0 0.0
0.0 0.0 0.0
0.0 0.0 0.0
0.0 0.0 0.0
0.0 0.0 0.0
0.0 0.0 0.0
0.0 0.0 0.0
0.0 0.0 0.0
0.0 0.0 0.0
0.0 0.0 0.0
0.0 0.0 0.0
0.0 0.0 0.0
0.0 0.0 0.0
0.0 0.0 0.0
0.0 0.0 0.0
0.0 0.0 0.0
0.0 0.0 0.0
0.0 0.0 0.0
0.0 0.0 0.0
0.0 0.0 0.0
0.0 0.0 0.0
0.0 0.0 0.0
0.0 0.0 0.0
0.0 0.0 0.0
0.0 0.0 0.0
0.0 0.0 0.0
0.0 0.0 0.0
0.0 0.0 0.0
0.0 0.0 0.0
0.0 0.0 0.0
0.0 0.0 0.0
0.0 0.0 0.0
0.0 0.0 0.0
0.0 0.0 0.0
0.0 0.0 0.0
0.0 0.0 0.0
0.0 0.0 0.0
0.0 0.0 0.0
0.0 0.0 0.0
0.0 0.0 0.0
0.0 0.0 0.0
0.0 0.0 0.0
0.0 0.0 0.0
0.0 0.0 0.0
0.0 0.0 0.0
0.0 0.0 0.0
0.0 0.0 0.0
0.0 0.0 0.0
0.0 0.0 0.0
0.0 0.0 0.0
0.0 0.0 0.0
0.0 0.0 0.0
0.0 0.0 0.0
0.0 0.0 0.0
0.0 0.0 0.0
0.0 0.0 0.0
0.0 0.0 0.0
0.0 0.0 0.0
0.0 0.0 0.0
0.0 0.0 0.0
0.0 0.0 0.0
0.0 0.0 0.0
0.0 0.0 0.0
0.0 0.0 0.0
0.0 0.0 0.0
0.0 0.0 0.0
0.0 0.0 0.0
0.0 0.0 0.0
0.0 0.0 0.0
0.0 0.0 0.0
0.0 0.0 0.0
0.0 0.0 0.0
0.0 0.0 0.0
0.0 0.0 0.0
0.0 0.0 0.0
0.0 0.0 0.0
0.0 0.0 0.0
0.0 0.0 0.0
0.0 0.0 0.0
0.0 0.0 0.0
0.0 0.0 0.0
0.0 0.0 0.0
0.0 0.0 0.0
0.0 0.0 0.0
0.0 0.0 0.0
0.0 0.0 0.0
0.0 0.0 0.0
0.0 0.0 0.0
0.0 0.0 0.0
0.0 0.0 0.0
0.0 0.0 0.0
0.0 0.0 0.0
0.0 0.0 0.0
0.0 0.0 0.0
0.0 0.0 0.0
0.0 0.0 0.0
0.0 0.0 0.0
0.0 0.0 0.0
0.0 0.0 0.0
0.0 0.0 0.0
0.0 0.0 0.0
0.0 0.0 0.0
0.0 0.0 0.0
0.0 0.0 0.0
0.0 0.0 0.0
0.0 0.0 0.0
0.0 0.0 0.0
0.0 0.0 0.0
0.0 0.0 0.0
0.0 0.0 0.0
0.0 0.0 0.0
0.0 0.0 0.0
0.0 0.0 0.0
0.0 0.0 0.0
0.0 0.0 0.0
0.0 0.0 0.0
0.0 0.0 0.0
0.0 0.0 0.0
0.0 0.0 0.0
0.0 0.0 0.0
0.0 0.0 0.0
0.0 0.0 0.0
0.0 0.0 0.0
0.0 0.0 0.0
0.0 0.0 0.0
0.0 0.0 0.0
0.0 0.0 0.0
0.0 0.0 0.0
0.0 0.0 0.0
0.0 0.0 0.0
0.0 0.0 0.0
0.0 0.0 0.0
0.0 0.0 0.0
0.0 0.0 0.0
0.0 0.0 0.0
0.0 0.0 0.0
0.0 0.0 0.0
0.0 0.0 0.0
0.0 0.0 0.0
0.0 0.0 0.0
0.0 0.0 0.0
0.0 0.0 0.0
0.0 0.0 0.0
0.0 0.0 0.0
0.0 0.0 0.0
0.0 0.0 0.0
0.0 0.0 0.0
0.0 0.0 0.0
0.0 0.0 0.0
0.0 0.0 0.0
0.0 0.0 0.0
0.0 0.0 0.0
0.0 0.0 0.0
0.0 0.0 0.0
0.0 0.0 0.0
0.0 0.0 0.0
0.0 0.0 0.0
0.0 0.0 0.0
0.0 0.0 0.0
0.0 0.0 0.0
0.0 0.0 0.0
0.0 0.0 0.0
0.0 0.0 0.0
0.0 0.0 0.0
0.0 0.0 0.0
0.0 0.0 0.0
0.0 0.0 0.0
0.0 0.0 0.0
0.0 0.0 0.0
0.0 0.0 0.0
0.0 0.0 0.0
0.0 0.0 0.0
0.0 0.0 0.0
0.0 0.0 0.0
0.0 0.0 0.0
0.0 0.0 0.0
0.0 0.0 0.0
0.0 0.0 0.0
0.0 0.0 0.0
0.0 0.0 0.0
0.0 0.0 0.0
0.0 0.0 0.0
0.0 0.0 0.0
0.0 0.0 0.0
0.0 0.0 0.0
0.0 0.0 0.0
0.0 0.0 0.0
0.0 0.0 0.0
0.0 0.0 0.0
0.0 0.0 0.0
0.0 0.0 0.0
0.0 0.0 0.0
0.0 0.0 0.0
0.0 0.0 0.0
0.0 0.0 0.0
0.0 0.0 0.0
0.0 0.0 0.0
0.0 0.0 0.0
0.0 0.0 0.0
0.0 0.0 0.0
0.0 0.0 0.0
0.0 0.0 0.0
0.0 0.0 0.0
0.0 0.0 0.0
0.0 0.0 0.0
0.0 0.0 0.0
0.0 0.0 0.0
0.0 0.0 0.0
0.0 0.0 0.0
0.0 0.0 0.0
0.0 0.0 0.0
0.0 0.0 0.0
0.0 0.0 0.0
0.0 0.0 0.0
0.0 0.0 0.0
0.0 0.0 0.0
0.0 0.0 0.0
0.0 0.0 0.0
0.0 0.0 0.0
0.0 0.0 0.0
0.0 0.0 0.0
0.0 0.0 0.0
0.0 0.0 0.0
0.0 0.0 0.0
0.0 0.0 0.0
0.0 0.0 0.0
0.0 0.0 0.0
0.0 0.0 0.0
0.0 0.0 0.0
0.0 0.0 0.0
0.0 0.0 0.0
0.0 0.0 0.0
0.0 0.0 0.0
0.0 0.0 0.0
0.0 0.0 0.0
0.0 0.0 0.0
0.0 0.0 0.0
0.0 0.0 0.0
0.0 0.0 0.0
0.0 0.0 0.0
0.0 0.0 0.0
0.0 0.0 0.0
0.0 0.0 0.0
0.0 0.0 0.0
0.0 0.0 0.0
0.0 0.0 0.0
0.0 0.0 0.0
0.0 0.0 0.0
0.0 0.0 0.0
0.0 0.0 0.0
0.0 0.0 0.0
0.0 0.0 0.0
0.0 0.0 0.0
0.0 0.0 0.0
0.0 0.0 0.0
0.0 0.0 0.0
0.0 0.0 0.0
0.0 0.0 0.0
0.0 0.0 0.0
0.0 0.0 0.0
0.0 0.0 0.0
0.0 0.0 0.0
0.0 0.0 0.0
0.0 0.0 0.0
0.0 0.0 0.0
0.0 0.0 0.0
0.0 0.0 0.0
0.0 0.0 0.0
0.0 0.0 0.0
0.0 0.0 0.0
0.0 0.0 0.0
0.0 0.0 0.0
0.0 0.0 0.0
0.0 0.0 0.0
0.0 0.0 0.0
0.0 0.0 0.0
0.0 0.0 0.0
0.0 0.0 0.0
0.0 0.0 0.0
0.0 0.0 0.0
0.0 0.0 0.0
0.0 0.0 0.0
0.0 0.0 0.0
0.0 0.0 0.0
0.0 0.0 0.0
0.0 0.0 0.0
0.0 0.0 0.0
0.0 0.0 0.0
0.0 0.0 0.0
0.0 0.0 0.0
0.0 0.0 0.0
0.0 0.0 0.0
0.0 0.0 0.0
0.0 0.0 0.0
0.0 0.0 0.0
0.0 0.0 0.0
0.0 0.0 0.0

SCALARS type float 1
LOOKUP_TABLE default
0
1
0
1
0
1
0
1
0
1
0
1
0
1
0
1
0
1
0
1
0
1
0
1
0
1
0
1
0
1
0
1
0
1
0
1
0
1
0
1
0
1
0
1
0
1
0
1
0
1
0
1
0
1
0
1
0
1
0
1
0
1
0
1
0
1
0
1
0
1
0
1
0
1
0
1
0
1
0
1
0
1
0
1
0
1
0
1
0
1
0
1
0
1
0
1
0
1
0
1
0
1
0
1
0
1
0
1
0
1
0
1
0
1
0
1
0
1
0
1
0
1
0
1
0
1
0
1
0
1
0
1
0
1
0
1
0
1
0
1
0
1
0
1
0
1
0
1
0
1
0
1
0
1
0
1
0
1
0
1
0
1
0
1
0
1
0
1
0
1
0
1
0
1
0
1
0
1
0
1
0
1
0
1
0
1
0
1
0
1
0
1
0
1
0
1
0
1
0
1
0
1
0
1
0
1
0
1
0
1
0
1
0
1
0
1
0
1
0
1
0
1
0
1
0
1
0
1
0
1
0
1
0
1
0
1
0
1
0
1
0
1
0
1
0
1
0
1
0
1
0
1
0
1
0
1
0
1
0
1
0
1
0
1
0
1
0
1
0
1
0
1
0
1
0
1
0
1
0
1
0
1
0
1
0
1
0
1
0
1
0
1
0
1
0
1
0
1
0
1
0
1
0
1
0
1
0
1
0
1
0
1
0
1
0
1
0
1
0
1
0
1
0
1
0
1
0
1
0
1
0
1
0
1
0
1
0
1
0
1
0
1
0
1
0
1
0
1
0
1
0
1
0
1
0
1
0
1
0
1
0
1
0
1
0
1
0
1
0
1
0
1
0
1
0
1
0
1
0
1
0
1
0
1
0
1
0
1
0
1
0
1
0
1
0
1
0
1
0
1
0
1
0
1
0
1
0
1
0
1
0
1
0
1
0
1
0
1
0
1
0
1
0
1
0
1
0
1
0
1
0
1
0
1
0
1
0
1
0
1
0
1
0
1
0
1
0
1
0
1
0
1
0
1
0
1
0
1
0
1
0
1
0
1
0
1
0
1
0
1
0
1
0
1
0
1
0
1
0
1
0
1
0
1
0
1
0
1
0
1
0
1
0
1
0
1
0
1
0
1
0
1
0
1
0
1
0
1
0
1
0
1
0
1
0
1
0
1
0
1
0
1
0
1
0
1
0
1
0
1
0
1
0
1
0
1
0
1
0
1
0
1
0
1
0
1
0
1
0
1
0
1
0
1
0
1
0
1
0
1
0
1
0
1
0
1
0
1
0
1
0
1
0
1
0
1
0
1
0
1
0
1
0
1
0
1
0
1
0
1
0
1
0
1
0
1
0
1
0
1
0
1
0
1
0
1
0
1
0
1
0
1
0
1
0
1
0
1
0
1
0
1
0
1
0
1
0
1
0
1
0
1
0
1
0
1
0
1
0
1
0
1
0
1
0
1
0
1
0
1
0
1
0
1
0
1
0
1
0
1
0
1
0
1
0
1
0
1
0
1
0
1
0
1
0
1
0
1
0
1
0
1
0
1
0
1
0
1
0
1
0
1
0
1
0
1
0
1
0
1
0
1
0
1
0
1
0
1
0
1
0
1
0
1
0
1
0
1
0
1
0
1
0
1
0
1
0
1
0
1
0
1
0
1
0
1
0
1
0
1
0
1
0
1
0
1
0
1
0
1
0
1
0
1
0
1
0
1
0
1
0
1
0
1
0
1
0
1
0
1
0
1
0
1
0
1
0
1
0
1
0
1
0
1
0
1
0
1
0
1
0
1
0
1
0
1
0
1
0
1
0
1
0
1
0
1
0
1
0
1
0
1
0
1
0
1
0
1
0
1
0
1
0
1
0
1
0
1
0
1
0
1
0
1
0
1
0
1
0
1
0
1
0
1
0
1
0
1
0
1
0
1
0
1
0
1
0
1
0
1
0
1
0
1
0
1
0
1
0
1
0
1
0
1
0
1
0
1
0
1
0
1
0
1
0
1
0
1
0
1
0
1
0
1
0
1
0
1
0
1
0
1
0
1
0
1
0
1
0
1
0
1
0
1
0
1
0
1
0
1
0
1
0
1
0
1
0
1
0
1
0
1
0
1
0
1
0
1
0
1
0
1
0
1
0
1
0
1
0
1
0
1
0
1
0
1
0
1
0
1
0
1
0
1
0
1
0
1
0
1
0
1
0
1
0
1
0
1
0
1
0
1
0
1
0
1
0
1
0
1
0
1
0
1
0
1
0
1
0
1
0
1
0
1
0
1
0
1
0
1
0
1
0
1
0
1
0
1
0
1
0
1
0
1
VECTORS mag float
0 0 0
-0.48610780377910334 -0.030127446378784728 -0.8733793792389137
0 0 0
-0.6863461451034139 -0.1570420867514364 -0.7101174213399064
0 0 0
-0.6197850280320071 0.06353048882340312 -0.7821958808490517
0 0 0
-0.5527901127252233 -0.03770310092051716 -0.8324671569823113
0 0 0
-0.7515034780690959 -0.12926853707755426 -0.6469406215193794
0 0 0
-0.6144094241458429 0.131603012408639 -0.7779342559919479
0 0 0
0.2920028646043387 -0.11216511197766373 0.949817516535623
0 0 0
-0.7927849932097335 0.09151374066020106 -0.6025920592007666
0 0 0
-0.7182582213871914 -0.22984979390229382 -0.6567147018704403
0 0 0
-0.620244537504179 0.026186120879033273 -0.7839713009859072
0 0 0
-0.8232269009453206 -0.4886096181883597 -0.28906419801453914
0 0 0
-0.8557208523256158 -0.19931903676376606 -0.4775078475571749
0 0 0
-0.7738413637009879 -0.05960140482227856 -0.6305689624209284
0 0 0
-0.5234462454036671 -0.006350376203816899 -0.8520350350160925
0 0 0
-0.4177702652844818 0.02815694994234308 -0.9081162874952075
0 0 0
-0.860132965762023 -0.27258242716166153 -0.43112654941685513
0 0 0
-0.7744867370054486 0.028559498726595967 -0.6319451315067935
0 0 0
-0.6075697172879386 0.011111093295125886 -0.7941886313971268
0 0 0
-0.5060481083487538 0.02197866785247962 -0.8622251737197647
0 0 0
-0.7034062006369219 -0.21372518658294173 -0.6778947274655682
0 0 0
-0.6277125155629327 -0.0048590919925409195 -0.7784300784467818
0 0 0
-0.5566819659031542 -0.012082904688832495 -0.8306378225511285
0 0 0
-0.7333863747630123 -0.006701672344476496 -0.6797790176960112
0 0 0
-0.6128923865500492 0.02211922924445003 -0.7898567352416619
0 0 0
-0.6558868541872441 -0.0465079809872756 -0.7534251404146585
0 0 0
-0.8307423045111545 0.09513166057150674 -0.5484680397729697
0 0 0
-0.6782410368912879 0.13728193321428753 -0.7219021863726267
0 0 0
0.7687868342798417 0.0321376947612903 0.6386970894042099
0 0 0
-0.7320510233977647 0.3176538151487004 -0.6026585707212341
0 0 0
-0.7672016029682392 0.06482816628814055 -0.6381214690469843
0 0 0
-0.5027510060822175 -0.04694238751507118 -0.8631557438479471
0 0 0
-0.8597588342282692 0.09662827908583821 -0.501475545413091
0 0 0
-0.809858131717985 -0.07941691809869772 -0.5812252227923006
0 0 0
-0.7650837901290037 -0.10306616803939801 -0.6356289476475353
0 0 0
-0.6792795002240983 -3.124063661219534e-05 -0.733879662887126
0 0 0
-0.45884605776059273 0.06893807372248059 -0.8858373650219303
0 0 0
0.32349912632980926 -0.3085029422269733 0.8945245943523022
0 0 0
-0.8043893967778981 -0.19390497020424827 -0.5615679485880394
0 0 0
-0.7374382171244298 0.02428998077754208 -0.67497768315565
0 0 0
-0.5355103146851169 0.039196427667617884 -0.8436186003899774
0 0 0
-0.670512082991043 -0.2502157798514413 -0.6984308198213676
0 0 0
-0.6830557957764822 0.03282297443996779 -0.7296282835835449
0 0 0
-0.5380038750833067 0.04798744963286703 -0.8415753294109083
0 0 0
0.6428499280764293 0.12961333256008828 0.7549465901603887
0 0 0
-0.8504190980079577 0.288356122214472 -0.4400432984659171
0 0 0
-0.49201472534294244 0.11278517726777143 -0.8632502614157649
0 0 0
-0.6512979520780012 0.07885104602332488 -0.7547141777918506
0 0 0
0.571794645569805 -0.10304655974058569 0.8138994347112738
0 0 0
0.708176633133769 0.049847224210411996 0.7042734628834428
0 0 0
-0.753613559563355 -0.021742075458092203 -0.6569580542142887
0 0 0
-0.4957899239756023 0.0019015538516060082 -0.8684404040446391
0 0 0
-0.3653212918667355 -0.03369823251905984 -0.9302713490342003
0 0 0
-0.6943143634782123 0.5479268237185965 -0.46658735571969256
0 0 0
0.6427545334639007 0.1643844303631002 0.7482274846367262
0 0 0
-0.8809552330833627 0.19748800951865622 -0.43001902678764964
0 0 0
-0.3998125720421618 0.12061009584054183 -0.9086270478135495
0 0 0
-0.4001221573561434 0.09490107932296139 -0.9115349934785842
0 0 0
0.7762513314272964 -0.16982649080750248 0.6071184674158405
0 0 0
-0.7756124546966691 -0.1253262080732921 -0.6186425960838595
0 0 0
-0.7647362124794617 -0.2945758630576273 -0.5730650802713613
0 0 0
-0.8294248687717126 -0.31489857665171556 -0.4614035906727979
0 0 0
-0.6272915316561384 0.08292778192589033 -0.7743567119211585
0 0 0
-0.3881883350236872 0.09483272859257234 -0.9166878258923401
0 0 0
0.47060935596554254 -0.29774321714472635 0.8305876297670256
0 0 0
-0.7622234330153912 -0.16165589901665361 -0.6268036442741451
0 0 0
-0.8619255157109819 0.0304912156089519 -0.5061172701430434
0 0 0
-0.7359969473097622 -0.07796138513108308 -0.6724808666268165
0 0 0
-0.4939844154347023 0.0959342514084602 -0.8641620315162741
0 0 0
-0.770860562946273 -0.08147125534738066 -0.6317724487869639
0 0 0
-0.7932955907165095 -0.14836720231636574 -0.5904822427698896
0 0 0
-0.6100043342424172 -0.017836799117326 -0.7921972991639858
0 0 0
-0.3847132128931977 0.04396874227933365 -0.9219883369803366
0 0 0
-0.8512926198554018 -0.1632099221617955 -0.498661605387528
0 0 0
0.7512641347108513 0.289573202703808 0.5930847832924185
0 0 0
-0.8097782723273778 0.3969569880560625 -0.4320697852198719
0 0 0
-0.24537930556481402 -0.19593624532977325 -0.94941981450073
0 0 0
-0.2501347736264697 -0.3681656355459145 -0.8954812448208547
0 0 0
0.7742088710643613 0.24765501852994828 0.5824668366200588
0 0 0
0.649986998998465 0.1396108565454031 0.7470111845666224
0 0 0
-0.7667402062830366 0.2626418888433915 -0.5857718790568749
0 0 0
-0.4679304195247265 0.011481800839044766 -0.8836907211988286
0 0 0
-0.19257538785015976 -0.1197022251190036 -0.9739538476210872
0 0 0
0.858113301129899 0.16515239588027641 0.4861751212875373
0 0 0
-0.6322488323954145 0.12065418280843081 -0.7653129961691915
0 0 0
0.6602794882416945 -0.06537948995364073 0.7481687775500176
0 0 0
-0.6549505613183869 0.05602716002434698 -0.7535918786507296
0 0 0
-0.19658632425048922 -0.04285094091256441 -0.9795496995970084
0 0 0
-0.19417619537113318 -0.018673975494578873 -0.9807889109234562
0 0 0
0.9119517517976224 -0.05385470667916836 0.40674767726656824
0 0 0
0.842515286822649 -0.13499619579835853 0.5214825199276776
0 0 0
-0.30086895185899454 -0.17723633674026787 -0.9370513084917819
0 0 0
-0.6614687254206333 0.1733792135549034 -0.7296566134816337
0 0 0
-0.8098677773676847 0.12367716813221374 -0.5734266659864383
0 0 0
-0.06977894011584633 0.1528790150846993 -0.9857783251132282
0 0 0
-0.1414377760136001 0.05170519113601553 -0.98859593804846
0 0 0
-0.5446169967842905 0.06281514863979586 -0.8363292317712089
0 0 0
0.7692953721642585 0.0804853206185729 0.6338033950142432
0 0 0
-0.8050465415323834 0.033841747479643296 -0.5922455589485434
0 0 0
-0.6512185193081058 0.2711183510361536 -0.7088083519835211
0 0 0
-0.27308468987821255 0.17241990725830092 -0.9464122398485553
0 0 0
-0.20150605611856207 0.10720911284776631 -0.9736023394948976
0 0 0
0.8172335889595022 0.023830461907641765 0.5758136592350342
0 0 0
0.5273528734967934 0.023448823063517026 0.8493227298922423
0 0 0
-0.9511558589679531 0.0967357837477094 -0.2931632993634292
0 0 0
-0.6902732306959509 0.16134624206760914 -0.7053298924299429
0 0 0
-0.216180455058121 0.13066204359241484 -0.9675708972551404
0 0 0
0.6138591108399819 -0.33395781286435966 0.7152965617599459
0 0 0
0.5003968415720672 -0.44813209719501684 0.7407972896874659
0 0 0
-0.8592043352755642 -0.13863372980870942 -0.492492232632152
0 0 0
-0.6022547765740187 0.017879235636535373 -0.7981037006723073
0 0 0
-0.7547688909518213 -0.009187322783897445 -0.6559264549867021
0 0 0
0.07157959822931373 -0.5009418891535936 -0.8625158461202662
0 0 0
0.8771665678491369 0.276552298854252 0.39255272033982147
0 0 0
-0.7688266449090608 0.14396376570052008 -0.6230409490901884
0 0 0
-0.6835389095528634 0.08817463579892638 -0.7245686942788856
0 0 0
0.13466802086396618 -0.6441452440757388 -0.7529551305962324
0 0 0
-0.1348297885953608 -0.19637178969243038 -0.9712152430436428
0 0 0
0.9331327333147362 0.2307111993507529 0.27574561557839233
0 0 0
-0.5816211055005147 -0.003366026408371803 -0.8134528624957793
0 0 0
-0.7755751752897291 -0.04791071256730156 -0.6294344374878129
0 0 0
-0.6943605327545384 0.11429669825785183 -0.7104925863935438
0 0 0
0.9556713544000717 -0.19291124339348195 -0.22243541658538454
0 0 0
-0.13134912417033393 -0.13203270496069255 -0.9825043370898925
0 0 0
0.8601265448696861 -0.03530749985746617 0.5088572562756191
0 0 0
0.8054057387012645 -0.11034755377690066 0.5823615830757763
0 0 0
-0.7591561358932015 -0.08435600370570251 -0.6454192637150726
0 0 0
-0.6923586793793641 0.03421291554172834 -0.7207419340500436
0 0 0
-0.501085794239331 0.2968389135004944 -0.8128958643291186
0 0 0
0.9063819279390458 -0.18181871010052833 -0.38133155830966625
0 0 0
-0.2761852543627517 -0.048660092973317075 -0.9598718146838203
0 0 0
0.7025807715644335 0.07123746256278302 0.7080292955489492
0 0 0
0.5747799748447266 -0.029163541516889768 0.8177881561649618
0 0 0
-0.6047989139868192 0.08749055862479821 -0.791557752657306
0 0 0
-0.5520295580453818 0.16551798625350322 -0.8172314013000268
0 0 0
0.9851694138831819 0.1713341528822021 -0.009264664333153871
0 0 0
0.9924365380970156 0.11710385276690582 -0.03682941103462914
0 0 0
0.9164765243450453 -0.14417565467564403 0.3732079325567383
0 0 0
0.6436235364977483 0.20849620084701276 0.7363953269124497
0 0 0
0.8210347399295417 0.25199327596856064 0.5122512515313775
0 0 0
-0.5247402627917429 0.19288323518062336 -0.8291222552745217
0 0 0
-0.44455288989398434 0.2865709278139022 -0.8486753392309607
0 0 0
0.9651932727227598 0.17782637583922173 -0.19178041179071478
0 0 0
-0.5134274399919432 0.10325534276186144 -0.8518982322170001
0 0 0
0.9462141242797443 -0.1580871092380384 0.28228938504002793
0 0 0
-0.5454113957244449 -0.11619629749897169 -0.8300751953054877
0 0 0
-0.3182116028814401 0.08716907460776877 -0.9440036696028516
0 0 0
-0.4221942983939451 0.14576867141964525 -0.8947085943681305
0 0 0
-0.14598455690692144 0.19555212484800855 -0.969766918188138
0 0 0
0.9914838219209255 -0.04356509324684683 0.12272698773891642
0 0 0
-0.36379132296532835 -0.22672005952817847 -0.9034677016599295
0 0 0
-0.17208055249800416 -0.18569296254731346 -0.9674225587158817
0 0 0
-0.1710641532969042 0.20674048445052692 -0.9633251930402187
0 0 0
-0.6433920084085207 0.30277035717471557 -0.7031193599470471
0 0 0
-0.760524498660412 0.1119943034682761 -0.639577800527805
0 0 0
-0.149766039765275 -0.4660978898273655 -0.8719649594057682
0 0 0
-0.35228441897783963 -0.37679599457473006 -0.856691581969781
0 0 0
0.9630337035825535 0.14943321405326412 0.2241334430685925
0 0 0
-0.776154986881588 -0.02950938802733866 -0.6298512779673419
0 0 0
-0.7505711396102256 0.16437594989002313 -0.6400183680816979
0 0 0
0.9062162088053505 -0.2880107573529584 0.30955126642841047
0 0 0
-0.11464825444210265 -0.2623967657963823 -0.9581251040719981
0 0 0
0.9481683594477224 0.24303724026578563 0.20471849448988655
0 0 0
-0.22016683178582103 0.17712113154263195 -0.9592469290763727
0 0 0
-0.7362139231968193 0.07013564562952812 -0.6731047841928306
0 0 0
0.8562475394182143 -0.045905071527184385 0.5145219875266146
0 0 0
-0.03399816924484473 -0.154702809895022 -0.9873758985809729
0 0 0
-0.37902734329204674 0.07264044577738521 -0.9225300204731745
0 0 0
0.9208782297206328 -0.03665345579837292 0.3881234471204103
0 0 0
-0.6886595525226901 -0.1284764991045506 -0.7136118061643085
0 0 0
-0.6489123370925597 -0.089744599926095 -0.7555519079144578
0 0 0
0.7330020563328634 0.07507499053073269 0.6760708033990257
0 0 0
0.8036559869380581 -0.07909230833083215 0.5898147687380475
0 0 0
0.8769967122015614 -0.03123971109440937 0.47947976728782776
0 0 0
-0.5819690720892754 0.1566235978525823 -0.7979856187471428
0 0 0
-0.6497337802224923 -0.05136677597977335 -0.7584243331824434
0 0 0
-0.6741515636769669 -0.026211265425708837 -0.7381277929713007
0 0 0
-0.6663407972975153 0.003455354104857533 -0.7456393245966322
0 0 0
-0.5789284038185648 0.17145851563151243 -0.7971473393730465
0 0 0
0.8009870659707339 0.050404759814183034 0.596556016092093
0 0 0
0.8212012628569051 0.1425627571592804 0.5525435242162996
0 0 0
-0.6927430455754204 -0.10371793587009681 -0.7136873703420409
0 0 0
-0.4709547276571738 -0.05341826470962198 -0.8805385474201399
0 0 0
-0.42833196673907536 0.023311790269514077 -0.903320699809246
0 0 0
-0.5092746361096595 0.08546474358186279 -0.856349883295292
0 0 0
0.843992378193417 -0.10608102280978056 0.5257600994284855
0 0 0
-0.5622120927873122 -0.15099745853209806 -0.813091218892787
0 0 0
-0.5671092164690807 0.42390296944677186 -0.7061822775247439
0 0 0
0.6251164451530427 0.7586695649908167 0.18343914837315342
0 0 0
0.8882364793890115 0.43424073141179614 0.14990311492948494
0 0 0
-0.6958271352941044 -0.46432459346668664 -0.5479299861208512
0 0 0
-0.2218428484661838 -0.7252572807387945 -0.65175733775676
0 0 0
-0.1292201447562144 -0.5415365266657259 -0.8306866704576428
0 0 0
-0.2044008346036651 -0.30613853870266505 -0.9297846492249279
0 0 0
-0.6533647121314802 0.1734344749366681 -0.7369091096226115
0 0 0
-0.8160646361725152 0.03247181064420662 -0.5770477372818537
0 0 0
-0.12197614881397645 -0.2889123674367607 -0.9495532965887681
0 0 0
0.9362520135137984 0.1033859492844571 0.33577300767320467
0 0 0
-0.3694328291739363 -0.22736831840107508 -0.9010122266184896
0 0 0
0.9270462792007919 0.37167896069895134 -0.049395813524174784
0 0 0
-0.7736107986778077 0.12477819911157713 -0.6212541615116604
0 0 0
-0.7378150222428878 0.04319267509463925 -0.6736196150431607
0 0 0
0.8461170229115343 -0.17817344194374962 0.5023347570348277
0 0 0
-0.7109827828726658 -0.06401002427976084 -0.7002900822161802
0 0 0
-0.335557107947332 -0.14013139577352765 -0.9315388447212416
0 0 0
0.9350343214862609 0.21131117110757247 -0.284707580875315
0 0 0
-0.6291228881557903 -0.11001141028336311 -0.7694815665147428
0 0 0
-0.7486740704994767 -0.019255266570575084 -0.662658562814245
0 0 0
0.7380604971592051 0.04530824348925133 0.6732116053701285
0 0 0
0.9089464322635261 -0.1984846969512043 0.36663361595957855
0 0 0
-0.6735443686036092 0.4057091008768707 -0.6178495844362498
0 0 0
-0.14463427729831416 0.015688536453381936 -0.9893608015554008
0 0 0
0.9904230560088964 -0.02754822766901299 -0.13528956086222915
0 0 0
-0.8167820683862755 -0.10029388134972714 -0.5681621160605875
0 0 0
-0.7310499424089961 -0.08509758101612436 -0.6769965903968851
0 0 0
-0.38168864661916807 -0.027878523449328146 -0.9238704265059647
0 0 0
0.7398327292295851 -0.050940674526049 0.6708595832508726
0 0 0
0.6716784785951964 0.05090933935892587 0.7390915102733084
0 0 0
-0.5619301273045444 0.012212578036242816 -0.8270945441515178
0 0 0
-0.3601623134016802 -0.12083093325128638 -0.9250313473470901
0 0 0
0.9460761109802915 -0.2578291712926894 -0.19612269288109394
0 0 0
-0.7387781828264199 0.013755048516985335 -0.6738082777912335
0 0 0
-0.7169070345740599 0.010682416965034193 -0.6970869312689866
0 0 0
-0.42532306698838485 -0.015539930758747688 -0.9049081717166705
0 0 0
0.7396190710722476 -0.0515019076761642 0.6710522954375028
0 0 0
0.7863962021776713 -0.09451838389719404 0.6104484321431235
0 0 0
-0.563756998911829 -0.07298396366440793 -0.822709783110521
0 0 0
0.7981023927055625 -0.30217215944541315 -0.5212720564290322
0 0 0
-0.7478379832523168 -0.17999401272432408 -0.6390152628760157
0 0 0
-0.6615007275070587 0.04474681414203236 -0.7486083823547331
0 0 0
0.7082468846692928 0.08339159201272836 0.7010222483900381
0 0 0
0.7190516332918419 -0.058964709521403695 0.6924506565029678
0 0 0
0.7805199920120568 -0.2006494921949099 0.5920543246623772
0 0 0
-0.573977336167134 -0.1776636245491109 -0.7993657824041216
0 0 0
-0.2651127645517147 0.8971919591359592 -0.3532163791976902
0 0 0
0.577704537113376 0.8015023405879586 0.15443919784382498
0 0 0
0.6766397747971495 0.238869561473766 0.696491168475088
0 0 0
0.7136128324740174 0.18435983111511653 0.6758462680222594
0 0 0
0.49897077327969613 -0.7142990444192309 0.4907189038079088
0 0 0
-0.6423393919784284 -0.5062118456366331 -0.5754560564021692
0 0 0
0.12783543463302743 -0.7992369921800719 -0.5872634263966526
0 0 0
0.8633123605669282 -0.39603633919773906 0.3128050289352964
0 0 0
-0.2804120243216937 -0.021127446825948554 -0.9596471891306859
0 0 0
-0.2079985062978634 0.17389727936666802 -0.962546808008176
0 0 0
-0.7463793281937988 0.13078829351115684 -0.6525429646585833
0 0 0
-0.8117931510127068 -0.10130997077545822 -0.5750897058636474
0 0 0
0.8796102163470086 0.12518001787078029 0.458929003685581
0 0 0
0.8151526538345556 0.2357600223389472 0.5290967423952073
0 0 0
-0.7543992442887069 0.212701702644007 -0.6209990063671345
0 0 0
0.922220001092457 -0.38323283678867354 -0.051408777382217774
0 0 0
-0.8048582834449394 -0.07130378898619934 -0.5891679838944722
0 0 0
-0.7656751826288704 -0.07225125917972733 -0.6391566867781249
0 0 0
-0.6152532784229563 -0.008249862226630548 -0.7882863332337089
0 0 0
0.8233556034581028 0.15519986486929804 0.5458924364732443
0 0 0
0.639781772633907 0.10163167879677704 0.7618072494209834
0 0 0
-0.6131886158078916 0.0516141072530486 -0.7882485048359259
0 0 0
0.9709663851328152 -0.056684636187425815 -0.2324029495561815
0 0 0
-0.7849956859338493 0.05842725559514989 -0.6167398388857854
0 0 0
0.8360744682274539 0.19633600460420725 0.5122808378948378
0 0 0
0.798171946270535 0.021900666590782603 0.6020314817263178
0 0 0
0.7551389744658947 0.004585150385265191 0.6555487057713876
0 0 0
0.8162132203428889 0.05319226916992031 0.575296933277108
0 0 0
0.6429910267203554 -0.29842289360779306 -0.7053412763534084
0 0 0
0.23032926909067103 -0.3407470119560642 -0.9115041972712858
0 0 0
-0.832817903720644 -0.07714284741715954 -0.5481453459938568
0 0 0
-0.670439124425872 0.2650033972664671 -0.6930256704309741
0 0 0
0.7727086942253029 -0.11712143797734437 0.6238620381420451
0 0 0
-0.7554372251326753 0.20291743828042552 -0.6230081156177288
0 0 0
0.9928852510396257 0.02647253108214037 0.11609514790069628
0 0 0
-0.21531886080121398 -0.2256807997975313 -0.9501083963348677
0 0 0
-0.62095282156314 0.03192329596920906 -0.7831976101644064
0 0 0
0.6486315988414683 -0.18033262867015667 0.7394303158657155
0 0 0
0.7366172478211156 -0.0009457976765138708 0.6763092012380139
0 0 0
0.7692742582971321 0.0036462865055174594 0.6389083033707708
0 0 0
-0.40263726429369323 0.20793633281111437 -0.8914290296479895
0 0 0
-0.624320790725736 0.2602789920433592 -0.7365313276219043
0 0 0
-0.6738501482674418 0.4652145878415447 -0.5740220944696888
0 0 0
0.7888173962490805 0.17168891522068383 0.5901610218958601
0 0 0
0.7201189560028687 0.07692720394539111 0.6895729798204702
0 0 0
-0.4578377615536359 -0.4732686944309518 -0.7525963904824274
0 0 0
0.7347807183705549 0.22092970449104232 0.6413168963814628
0 0 0
-0.704845143820443 -0.6478339671219178 -0.2889714073672634
0 0 0
-0.6964115010766498 -0.10795051549061067 -0.7094770661363754
0 0 0
-0.5166890773670715 -0.30797852738144776 -0.7988627066032806
0 0 0
-0.36942278345703533 -0.008388503519332513 -0.9292235684008249
0 0 0
-0.7351204086002073 -0.059624096485383186 -0.6753095230912756
0 0 0
0.6350531707965403 -0.09417382219340659 0.7667064376113877
0 0 0
0.6507911318925051 0.1584843288283352 0.7425318984164276
0 0 0
0.8372504568847032 0.36483853839783803 0.40731377750584996
0 0 0
-0.36599913575846527 -0.4007276727912833 -0.8399178322213064
0 0 0
-0.5849527889717165 0.05304006852248466 -0.8093311966094849
0 0 0
-0.7680094631696195 0.09108883831165869 -0.6339276678115141
0 0 0
0.7236401468847126 0.09892675068395775 0.6830508295989294
0 0 0
0.791416711226124 0.20344973832415827 0.5764267457082968
0 0 0
-0.8975777865479867 0.092495719145111 -0.43104368576218066
0 0 0
0.8026305764067514 -0.5067667580201688 0.3145975377886701
0 0 0
-0.09277763409312101 0.2900188662408517 -0.9525131851247277
0 0 0
-0.5382289273716807 0.014629702712719576 -0.8426716997377256
0 0 0
-0.775665544333032 -0.13874923521226495 -0.6157041603420857
0 0 0
0.867658562352428 0.09283545256303238 0.4884160090782598
0 0 0
-0.777747352047066 -0.11865646669091215 -0.6172760316877738
0 0 0
-0.8860864515230454 0.05358633568523851 -0.4604121035063332
0 0 0
0.95744081771384 -0.28658935971868543 -0.034258130005697274
0 0 0
0.005473248741252635 -0.15472525903090723 -0.9879423757315176
0 0 0
-0.39536675391724985 -0.32060413638628493 -0.8607543886782926
0 0 0
0.8453975694187544 0.09703816771972591 0.5252490301052068
0 0 0
0.8792369230909375 0.05549858596538703 0.4731409304101932
0 0 0
0.7866013670025874 -0.07893442919216485 0.6123950075872334
0 0 0
-0.7700811107883486 0.10189017170437326 -0.629756679771669
0 0 0
-0.8060949062263317 -0.06219175035024725 -0.5885092933372708
0 0 0
0.9913380606875741 -0.12382629903519375 0.04377096182912186
0 0 0
-0.4597227326883839 -0.10645838345141767 -0.8816584495383888
0 0 0
-0.6290004793907658 0.3268335679701241 -0.7053638889070699
0 0 0
0.7841005780489918 0.04767794453454227 0.6187997229380424
0 0 0
0.8524205778090086 0.02355209086379778 0.5223260069570529
0 0 0
-0.672777977020113 0.032206554123718034 -0.7391431062441158
0 0 0
-0.752826918759144 -0.12653626515232166 -0.6459413316957775
0 0 0
0.9803767046216038 0.0897250515346335 0.17553043087280337
0 0 0
-0.5166628038268223 0.021844563857864818 -0.8559102535731572
0 0 0
-0.8252965836635145 0.09598300156654284 -0.5564825355782593
0 0 0
0.5647466673080579 0.18408259090931212 0.8044717530706448
0 0 0
-0.4938870374363059 -0.2318572262185295 -0.8380440447271483
0 0 0
-0.5966750292195301 -0.1253193076133226 -0.7926373575886961
0 0 0
0.8982349094452765 0.2828931814324188 0.3363710679485981
0 0 0
-0.7572761095700343 0.30051586297134314 -0.5798474885494135
0 0 0
0.7487902467995347 0.35579759213047074 0.5592148421957801
0 0 0
0.9421147949430934 -0.05329423690661006 0.33102784997923546
0 0 0
-0.3960270182913365 -0.28403974193580817 -0.8732033129714483
0 0 0
0.7938053669438717 0.36096787761547733 0.489464228254612
0 0 0
-0.7314974002357529 -0.17176106435521252 -0.6598558101736312
0 0 0
0.6412946115754127 -0.09861974769724081 0.7609305924514226
0 0 0
-0.023045354215325938 0.3538022569819375 -0.9350362958749662
0 0 0
-0.46066234308632553 -0.15862643188103404 -0.8732856696241545
0 0 0
-0.9291220998710727 -0.16192273852210062 -0.3324351820741477
0 0 0
0.7413834865926561 -0.12758654613054557 0.6588415583842561
0 0 0
0.8925935000497699 0.3385878462606588 0.2977164994310358
0 0 0
-0.6800391388631437 -0.0709216101256609 -0.7297375520222718
0 0 0
-0.3397943328251231 -0.4965358590747891 -0.7987439840354296
0 0 0
-0.4776371258743997 -0.07406698996015722 -0.8754295271377843
0 0 0
-0.86769715310117 -0.3238168566106014 -0.3771528786512889
0 0 0
0.9269426820933123 -0.05040065824783352 0.3718024176385107
0 0 0
-0.12724360642067595 0.37980203445211225 -0.9162747837036096
0 0 0
0.5173248643250526 -0.2315034862806173 0.8238817394450407
0 0 0
0.8732145433742221 -0.40289677761717724 0.27417247824215246
0 0 0
-0.5438031671495915 0.05294050858140812 -0.837541293280048
0 0 0
-0.8532570627194261 -0.27248518341517547 -0.44463941541277635
0 0 0
0.7802549395430488 0.08033653666841184 0.6202807994729469
0 0 0
-0.1980410665653502 0.03410737142699114 -0.9796001343242047
0 0 0
-0.5776863201917527 -0.13532913127663504 -0.8049624473795178
0 0 0
0.5792077895866325 0.029867196930080327 0.8146326086216454
0 0 0
0.888074561260927 0.07490128855899399 0.45355635880606326
0 0 0
-0.7184538520429027 0.07099253862332365 -0.691942282234964
0 0 0
0.8483970520756238 0.025115229617045157 0.5287642832781677
0 0 0
-0.053279016827163954 -0.1473469495741415 -0.9876488357797655
0 0 0
-0.7553942154996013 -0.051210298617497756 -0.6532664728158402
0 0 0
-0.719780746910496 -0.29571372111130884 -0.6280677284524908
0 0 0
-0.8253632656456543 -0.19750768363847387 -0.5289292907624851
0 0 0
-0.7239998923907638 0.195152311297361 -0.6616190227113037
0 0 0
-0.20027630657584503 0.11090417769871537 -0.9734421731121524
0 0 0
0.7934213778263685 0.2464615154555855 0.5565422163748618
0 0 0
-0.618001691935057 -0.15717822790708796 -0.7703044290651551
0 0 0
-0.7790989119997664 -0.039654146529276124 -0.6256456137333778
0 0 0
-0.6996152291109635 0.08846158691522732 -0.7090226222317971
0 0 0
-0.371688710317395 0.26336029831717483 -0.8902184315620971
0 0 0
0.7919093019728546 -0.02189753976725139 0.6102459792583707
0 0 0
0.516201065753377 0.304665305867776 0.800447069527756
0 0 0
-0.6289488008763506 -0.23385963921456063 -0.7414398660866816
0 0 0
-0.5975847097571207 -0.2934998563431813 -0.7461570538372131
0 0 0
0.731236281245224 -0.263000059716062 0.6293841987053722
0 0 0
-0.3363686521115779 -0.12672757785133598 -0.9331646429695961
0 0 0
-0.7873679470058095 -0.016896699969480792 -0.6162517485232785
0 0 0
-0.5932498602910958 -0.09249999589268883 -0.7996864098035228
0 0 0
-0.40862425325856694 -0.46475246570588297 -0.7855134405401226
0 0 0
-0.5116877454149339 -0.2243681962498569 -0.8293579225544104
0 0 0
-0.6650465161518666 0.01781806116947876 -0.7465893436491212
0 0 0
-0.4094441334571048 0.08817636581915657 -0.9080641112214968
0 0 0
-0.6464343031964125 0.11274815597517247 -0.754592966423069
0 0 0
-0.8337874052408252 -0.10271803607633695 -0.5424459124432521
0 0 0
0.586512836874475 -0.308869884950605 0.7487336551485151
0 0 0
-0.5914067894123641 -0.08574038611200706 -0.8018020925554656
0 0 0
-0.7316484136480375 -0.04542678631053043 -0.6801668956159272
0 0 0
-0.5555575712515606 0.0176019294659277 -0.8312917400673145
0 0 0
-0.5281453642891457 0.0837358087503158 -0.8450152593372596
0 0 0
-0.7266086793316028 0.015659612674918662 -0.6868730622544864
0 0 0
0.3347467333143085 -0.276388137763386 0.9008630427756967
0 0 0
0.8351099760569072 -0.09484641385339732 0.5418445216751591
0 0 0
-0.9062782295481222 -0.10052341357289735 -0.41055427652232934
0 0 0
-0.6275461762934196 0.13737359968971385 -0.766364332891216
0 0 0
-0.5410511577057694 0.11949007721041478 -0.8324576663071196
0 0 0
-0.6629277822422707 -0.10182834445039435 -0.7417261919319261
0 0 0
0.21156745878195166 -0.43648102138791267 0.874484721623375
0 0 0
0.6701857998185103 0.04092227411988425 0.7410643434968928
0 0 0
-0.5798935385898382 -0.022003890971179826 -0.8143950593439797
0 0 0
-0.7421874269685933 0.14004454897763827 -0.6553970915036081
0 0 0
-0.5077536139367954 0.011807238468080045 -0.8614214164123629
0 0 0
-0.5457526879866211 -0.056769431073431825 -0.8360210734490947
0 0 0
-0.944888959153582 0.15426948576890062 -0.28876596168915
0 0 0
0.39828359195252044 0.15687332501877357 0.903748272628475
0 0 0
0.7825113842994655 0.13252723648929995 0.6083686916913487
0 0 0
-0.5928787210180221 0.10874783752564611 -0.797915239857925
0 0 0
-0.6967052289099307 0.12940843590778234 -0.7055886058642546
0 0 0
-0.7494088394089677 0.0388511569702698 -0.6609667003849554
0 0 0
-0.7099995330616229 -0.0002588451346356435 -0.7042020988689779
0 0 0
-0.9185252040797045 0.3736353287426765 -0.12925977945861258
0 0 0
0.6961476204207345 0.17708638110087668 0.6957146715508764
0 0 0
-0.6361232301482772 0.11841256605711528 -0.7624471786723925
0 0 0
-0.6189501364713036 0.0818461678065529 -0.7811542314917947
0 0 0
-0.8368619940993082 0.06753922811030234 -0.543231493470688
0 0 0
0.7768775847870658 -0.19496716699594896 0.5987061232766784
0 0 0
0.8157491804701085 -0.08031322348300574 0.5728028113549332
0 0 0
-0.5985663287465532 -0.022259345155811405 -0.8007639300343814
0 0 0
-0.6616180398754379 -0.14642219293003328 -0.7354060855941728
0 0 0
-0.6733037618737391 -0.0020536157316957677 -0.739363122497395
0 0 0
-0.6550459312503979 0.07139943927285862 -0.7522080483641612
0 0 0
-0.46954993751198837 0.000366247499150485 -0.8829058398522784
0 0 0
-0.6957021536414152 -0.0021703150664078574 -0.7183270864663319
0 0 0
-0.646343800709456 -0.1997785754625563 -0.7364293666541325
0 0 0
-0.5831480921084538 -0.0012188542335839214 -0.8123649531242886
0 0 0
-0.6849179025670793 0.04057982609602945 -0.7274893431914512
0 0 0
-0.4590194842298638 0.0230970049023842 -0.8881259153193815
0 0 0
-0.5217279688564899 -0.0014624163987339012 -0.8531106539313398
0 0 0
-0.7214947291534323 0.07861878860198741 -0.6879421791710196
0 0 0
0.40391942672383097 0.02194950589664557 0.914531200072466
0 0 0
-0.6759288455320662 -0.04850527845025162 -0.7353689099629871
0 0 0
-0.727777815220024 0.039359947871771724 -0.6846825879026719
0 0 0
-0.6150851148146458 0.0816479152356207 -0.7842218560274452
0 0 0
-0.542791811832434 0.03837200588415574 -0.8389902491519731
0 0 0
-0.595618503990869 -0.33497007879982227 -0.7300915312565405
0 0 0
0.4076942151101553 -0.1479723870648843 0.9010491660459125
0 0 0
-0.6412926000879255 0.29129467685683735 -0.7098529511859049
0 0 0
-0.6315375076901808 -0.05180734375115548 -0.7736125487050507
0 0 0
-0.6686868343342123 -0.03673969394104514 -0.7426359218871709
0 0 0
-0.4019533246686608 0.015364918748814654 -0.9155312359825046
0 0 0
-0.6260865607354106 -0.1793337841624576 -0.7588511134105808
0 0 0
-0.7727438953242864 -0.10762205515550971 -0.6255272699756204
0 0 0
-0.8864276924618094 0.08548946392593322 -0.45490383334776213
0 0 0
-0.6122226887137084 -0.030438559321441908 -0.7900992808062749
0 0 0
-0.6751297729593281 0.3442149450743425 -0.6524690500332972
0 0 0
0.8088896019963957 0.027744143847546636 0.5873056055106909
0 0 0
0.8413963835199677 0.10564396957390082 0.5299919598373057
0 0 0
-0.8162722990638365 0.18404137501521298 -0.5475658006701555
0 0 0
-0.46248070488797505 -0.12271350259547868 -0.878096232702926
0 0 0
-0.5952681522176261 0.04395507451696927 -0.8023239859181707
0 0 0
-0.6130861205693167 0.030109895195283173 -0.789442083357984
0 0 0
-0.769414047016512 -0.1062247207176982 -0.6298558033090746
0 0 0
-0.640944844625655 0.027110290078020845 -0.7671080356245009
0 0 0
-0.6337504529521277 0.02909265748511203 -0.7729902849735091
0 0 0
0.9038113392708436 0.15480376264763465 0.3989496936652277
0 0 0
-0.7248041459295597 0.2514326349722891 -0.6414363414355422
0 0 0
-0.6693949647543258 0.08216596982145624 -0.7383489246723762
0 0 0
-0.6567392065153967 0.044959098667621475 -0.7527763904855957
0 0 0
-0.4993983618167052 0.0036893884336128 -0.866364625678921
0 0 0
0.8445218208760658 0.25854870753286063 0.4689727709550542
0 0 0
-0.6530857993316332 0.09451829104425225 -0.7513622504288032
0 0 0
0.658386092217605 0.10110073556552353 0.7458595007389403
0 0 0
-0.6403675485898622 -0.024706803925391596 -0.7676711382830559
0 0 0
-0.5202047183564741 -0.02805835554785985 -0.8535805642606978
0 0 0
-0.5654309290241024 0.1193020410416291 -0.8161218582455944
0 0 0
0.4074972030538448 0.06605871130591984 0.9108140733233621
0 0 0
-0.7332206253079568 -0.18833663375723017 -0.6533887258041753
0 0 0
-0.7824723414689835 0.09969747049067146 -0.6146522994456364
0 0 0
-0.59872125237686 -0.049381672279564644 -0.7994337448439102
0 0 0
-0.5244667451238424 -0.03355671454187351 -0.8507694048144643
0 0 0
-0.6087424342043453 -0.2002398547014324 -0.7676826488778534
0 0 0
0.6130845534223803 0.14337043830115487 0.7768991232947913
0 0 0
-0.6360280469348479 -0.18720444624439542 -0.7486139317555961
0 0 0
-0.6840115422299393 0.022734798407281768 -0.7291168212554145
0 0 0
-0.6487719837844093 0.0031371971184547824 -0.760976393228254
0 0 0
-0.6605297999916246 -0.14798251324817643 -0.7360717078490231
0 0 0
-0.7702713110333691 -0.27977128053707834 -0.5730707966609171
0 0 0
-0.5995291327765057 0.03482223862850931 -0.7995950416611838
0 0 0
-0.620475808808561 0.08822246220531146 -0.7792474368554538
0 0 0
0.8567155920108868 0.24195755688511902 0.45551611944213355
0 0 0
0.903452436649258 -0.04958637636050467 0.4258108570620913
0 0 0
-0.43019615763963887 0.17340627114774806 -0.8859241113541977
0 0 0
-0.6022643284757535 0.055814114256073674 -0.7963431818603457
0 0 0
-0.6396437340164912 -0.12859813914637058 -0.7578379854174183
0 0 0
-0.7049759662125086 -0.009807327036831515 -0.7091633827258234
0 0 0
-0.597699159914844 0.19167919243411097 -0.7784695250457122
0 0 0
-0.622154394399938 -0.053046000082521964 -0.7810954048028266
0 0 0
-0.6123748987549908 0.009011761704884602 -0.7905161424827383
0 0 0
-0.793774356518368 0.04671137264838354 -0.6064159616955632
0 0 0
0.7055730463413913 -0.06782028646298426 0.7053843526905085
0 0 0
-0.6250929989842117 -0.04766184470432537 -0.7790937627656284
0 0 0
-0.5889962883508156 -0.04075386467594572 -0.8071074865362963
0 0 0
-0.549400196635314 0.03218351466568736 -0.8349393063695358
0 0 0
-0.008088461310847363 0.021510339389162907 0.9997359061737184
0 0 0
-0.617478806014539 0.13297733950684512 -0.7752657294763781
0 0 0
-0.40686597041782563 -0.013340717704590527 -0.9133904462863007
0 0 0
-0.5686304222539227 -0.12959120974618055 -0.8123210949149647
0 0 0
-0.8244631905206662 0.11321972279917462 -0.5544742932235559
0 0 0
-0.5362466309535192 0.07582332449571774 -0.8406487817474175
0 0 0
-0.7125877857231988 0.06728944957489669 -0.6983486075120476
0 0 0
-0.6770823046304435 0.05523293707482862 -0.7338316396956561
0 0 0
-0.6783417919429109 -0.03238135955480226 -0.7340326020396255
0 0 0
-0.5732624258675558 -0.04333710066154035 -0.81822496099465
0 0 0
-0.38705744424455063 -0.20114570368825918 -0.8998482876255484
0 0 0
-0.5931398461536159 -0.01954045049810288 -0.804862282442901
0 0 0
0.7110421362941883 -0.0914470457040164 0.697177537106729
0 0 0
0.8273722411751705 -0.16275966375703366 0.5375541520502587
0 0 0
-0.5668327985381637 -0.011339533474963526 -0.8237548139355324
0 0 0
-0.0647210498349237 0.2083530088948691 -0.975909939181234
0 0 0
-0.7769754997222474 -0.16326525439710318 -0.6079913893617351
0 0 0
0.746526472796637 -0.07154603858300802 0.6614978380742379
0 0 0
-0.3318250819367086 -0.08792867153947248 -0.9392340835590456
0 0 0
-0.5516825528431174 -0.014509249778550339 -0.8339279600537235
0 0 0
-0.5699734784087094 -0.09998900352513009 -0.8155565174068122
0 0 0
-0.42963108064577604 0.21125889164820574 -0.877944653860774
0 0 0
-0.5336532668604783 0.11496872063187019 -0.8378522447576364
0 0 0
-0.5687282234452646 0.20897374375530717 -0.7955364116605125
0 0 0
-0.6010894780837407 0.07304941871848501 -0.7958361777161852
0 0 0
-0.6480847387961067 0.18099913142336288 -0.7397469065589732
0 0 0
0.9207217828914812 0.02801242327245967 0.38921292713826533
VECTORS easy_axes float
0.7071067811865476 1.1102230246251568e-16 0.7071067811865476
-0.48610780377910334 -0.030127446378784728 -0.8733793792389137
0.7071067811865476 1.1102230246251568e-16 0.7071067811865476
-0.6863461451034139 -0.15704208675143644 -0.7101174213399064
0.7071067811865476 1.1102230246251568e-16 0.7071067811865476
-0.6197850280320071 0.06353048882340312 -0.7821958808490517
0.7071067811865476 1.1102230246251568e-16 0.7071067811865476
-0.5527901127252233 -0.03770310092051716 -0.8324671569823114
0.7071067811865476 1.1102230246251568e-16 0.7071067811865476
-0.7515034780690958 -0.12926853707755426 -0.6469406215193794
0.7071067811865476 1.1102230246251568e-16 0.7071067811865476
-0.6144094241458429 0.13160301240863903 -0.7779342559919479
0.7071067811865476 1.1102230246251568e-16 0.7071067811865476
0.2920028646043388 -0.11216511197766373 0.949817516535623
0.7071067811865476 1.1102230246251568e-16 0.7071067811865476
-0.7927849932097335 0.09151374066020107 -0.6025920592007667
0.7071067811865476 1.1102230246251568e-16 0.7071067811865476
-0.7182582213871914 -0.22984979390229382 -0.6567147018704403
0.7071067811865476 1.1102230246251568e-16 0.7071067811865476
-0.620244537504179 0.02618612087903327 -0.7839713009859071
0.7071067811865476 1.1102230246251568e-16 0.7071067811865476
-0.8232269009453207 -0.4886096181883598 -0.28906419801453914
0.7071067811865476 1.1102230246251568e-16 0.7071067811865476
-0.8557208523256158 -0.19931903676376606 -0.4775078475571749
0.7071067811865476 1.1102230246251568e-16 0.7071067811865476
-0.773841363700988 -0.05960140482227856 -0.6305689624209284
0.7071067811865476 1.1102230246251568e-16 0.7071067811865476
-0.5234462454036671 -0.006350376203816899 -0.8520350350160926
0.7071067811865476 1.1102230246251568e-16 0.7071067811865476
-0.4177702652844818 0.02815694994234308 -0.9081162874952075
0.7071067811865476 1.1102230246251568e-16 0.7071067811865476
-0.8601329657620229 -0.2725824271616615 -0.43112654941685513
0.7071067811865476 1.1102230246251568e-16 0.7071067811865476
-0.7744867370054487 0.02855949872659597 -0.6319451315067937
0.7071067811865476 1.1102230246251568e-16 0.7071067811865476
-0.6075697172879387 0.011111093295125886 -0.7941886313971268
0.7071067811865476 1.1102230246251568e-16 0.7071067811865476
-0.5060481083487538 0.021978667852479622 -0.8622251737197648
0.7071067811865476 1.1102230246251568e-16 0.7071067811865476
-0.703406200636922 -0.21372518658294173 -0.6778947274655682
0.7071067811865476 1.1102230246251568e-16 0.7071067811865476
-0.6277125155629327 -0.00485909199254092 -0.7784300784467819
0.7071067811865476 1.1102230246251568e-16 0.7071067811865476
-0.5566819659031542 -0.012082904688832496 -0.8306378225511286
0.7071067811865476 1.1102230246251568e-16 0.7071067811865476
-0.7333863747630122 -0.006701672344476495 -0.6797790176960112
0.7071067811865476 1.1102230246251568e-16 0.7071067811865476
-0.6128923865500492 0.022119229244450034 -0.7898567352416619
0.7071067811865476 1.1102230246251568e-16 0.7071067811865476
-0.6558868541872442 -0.0465079809872756 -0.7534251404146586
0.7071067811865476 1.1102230246251568e-16 0.7071067811865476
-0.8307423045111545 0.09513166057150674 -0.5484680397729697
0.7071067811865476 1.1102230246251568e-16 0.7071067811865476
-0.6782410368912879 0.13728193321428755 -0.7219021863726267
0.7071067811865476 1.1102230246251568e-16 0.7071067811865476
0.7687868342798418 0.0321376947612903 0.6386970894042099
0.7071067811865476 1.1102230246251568e-16 0.7071067811865476
-0.7320510233977646 0.31765381514870034 -0.6026585707212341
0.7071067811865476 1.1102230246251568e-16 0.7071067811865476
-0.7672016029682392 0.06482816628814053 -0.6381214690469843
0.7071067811865476 1.1102230246251568e-16 0.7071067811865476
-0.5027510060822175 -0.04694238751507118 -0.8631557438479472
0.7071067811865476 1.1102230246251568e-16 0.7071067811865476
-0.859758834228269 0.09662827908583821 -0.5014755454130909
0.7071067811865476 1.1102230246251568e-16 0.7071067811865476
-0.809858131717985 -0.07941691809869772 -0.5812252227923006
0.7071067811865476 1.1102230246251568e-16 0.7071067811865476
-0.7650837901290037 -0.103066168039398 -0.6356289476475352
0.7071067811865476 1.1102230246251568e-16 0.7071067811865476
-0.6792795002240983 -3.124063661219534e-05 -0.733879662887126
0.7071067811865476 1.1102230246251568e-16 0.7071067811865476
-0.4588460577605928 0.06893807372248059 -0.8858373650219304
0.7071067811865476 1.1102230246251568e-16 0.7071067811865476
0.32349912632980926 -0.30850294222697333 0.8945245943523024
0.7071067811865476 1.1102230246251568e-16 0.7071067811865476
-0.8043893967778981 -0.1939049702042483 -0.5615679485880394
0.7071067811865476 1.1102230246251568e-16 0.7071067811865476
-0.7374382171244298 0.02428998077754208 -0.67497768315565
0.7071067811865476 1.1102230246251568e-16 0.7071067811865476
-0.5355103146851169 0.03919642766761789 -0.8436186003899774
0.7071067811865476 1.1102230246251568e-16 0.7071067811865476
-0.6705120829910431 -0.2502157798514413 -0.6984308198213677
0.7071067811865476 1.1102230246251568e-16 0.7071067811865476
-0.6830557957764822 0.03282297443996779 -0.7296282835835449
0.7071067811865476 1.1102230246251568e-16 0.7071067811865476
-0.5380038750833067 0.04798744963286703 -0.8415753294109083
0.7071067811865476 1.1102230246251568e-16 0.7071067811865476
0.6428499280764293 0.12961333256008828 0.7549465901603887
0.7071067811865476 1.1102230246251568e-16 0.7071067811865476
-0.8504190980079577 0.288356122214472 -0.44004329846591717
0.7071067811865476 1.1102230246251568e-16 0.7071067811865476
-0.49201472534294244 0.11278517726777143 -0.8632502614157649
0.7071067811865476 1.1102230246251568e-16 0.7071067811865476
-0.6512979520780012 0.07885104602332488 -0.7547141777918506
0.7071067811865476 1.1102230246251568e-16 0.7071067811865476
0.571794645569805 -0.10304655974058569 0.8138994347112738
0.7071067811865476 1.1102230246251568e-16 0.7071067811865476
0.7081766331337689 0.04984722421041199 0.7042734628834428
0.7071067811865476 1.1102230246251568e-16 0.7071067811865476
-0.753613559563355 -0.021742075458092203 -0.6569580542142887
0.7071067811865476 1.1102230246251568e-16 0.7071067811865476
-0.4957899239756023 0.0019015538516060082 -0.8684404040446391
0.7071067811865476 1.1102230246251568e-16 0.7071067811865476
-0.36532129186673556 -0.033698232519059845 -0.9302713490342004
0.7071067811865476 1.1102230246251568e-16 0.7071067811865476
-0.6943143634782123 0.5479268237185965 -0.46658735571969256
0.7071067811865476 1.1102230246251568e-16 0.7071067811865476
0.6427545334639007 0.16438443036310021 0.7482274846367263
0.7071067811865476 1.1102230246251568e-16 0.7071067811865476
-0.8809552330833628 0.19748800951865625 -0.4300190267876497
0.7071067811865476 1.1102230246251568e-16 0.7071067811865476
-0.3998125720421618 0.12061009584054183 -0.9086270478135495
0.7071067811865476 1.1102230246251568e-16 0.7071067811865476
-0.4001221573561434 0.0949010793229614 -0.9115349934785844
0.7071067811865476 1.1102230246251568e-16 0.7071067811865476
0.7762513314272965 -0.1698264908075025 0.6071184674158405
0.7071067811865476 1.1102230246251568e-16 0.7071067811865476
-0.7756124546966691 -0.12532620807329212 -0.6186425960838596
0.7071067811865476 1.1102230246251568e-16 0.7071067811865476
-0.7647362124794617 -0.2945758630576273 -0.5730650802713613
0.7071067811865476 1.1102230246251568e-16 0.7071067811865476
-0.8294248687717127 -0.3148985766517156 -0.46140359067279796
0.7071067811865476 1.1102230246251568e-16 0.7071067811865476
-0.6272915316561384 0.08292778192589033 -0.7743567119211583
0.7071067811865476 1.1102230246251568e-16 0.7071067811865476
-0.3881883350236871 0.09483272859257233 -0.91668782589234
0.7071067811865476 1.1102230246251568e-16 0.7071067811865476
0.47060935596554254 -0.29774321714472635 0.8305876297670256
0.7071067811865476 1.1102230246251568e-16 0.7071067811865476
-0.7622234330153912 -0.16165589901665361 -0.6268036442741451
0.7071067811865476 1.1102230246251568e-16 0.7071067811865476
-0.861925515710982 0.030491215608951905 -0.5061172701430434
0.7071067811865476 1.1102230246251568e-16 0.7071067811865476
-0.7359969473097622 -0.0779613851310831 -0.6724808666268165
0.7071067811865476 1.1102230246251568e-16 0.7071067811865476
-0.49398441543470223 0.09593425140846018 -0.864162031516274
0.7071067811865476 1.1102230246251568e-16 0.7071067811865476
-0.770860562946273 -0.08147125534738064 -0.6317724487869638
0.7071067811865476 1.1102230246251568e-16 0.7071067811865476
-0.7932955907165096 -0.14836720231636577 -0.5904822427698896
0.7071067811865476 1.1102230246251568e-16 0.7071067811865476
-0.6100043342424172 -0.017836799117325997 -0.7921972991639858
0.7071067811865476 1.1102230246251568e-16 0.7071067811865476
-0.38471321289319776 0.04396874227933365 -0.9219883369803366
0.7071067811865476 1.1102230246251568e-16 0.7071067811865476
-0.851292619855402 -0.16320992216179553 -0.4986616053875282
0.7071067811865476 1.1102230246251568e-16 0.7071067811865476
0.7512641347108513 0.28957320270380804 0.5930847832924185
0.7071067811865476 1.1102230246251568e-16 0.7071067811865476
-0.8097782723273779 0.39695698805606255 -0.43206978521987194
0.7071067811865476 1.1102230246251568e-16 0.7071067811865476
-0.24537930556481402 -0.19593624532977327 -0.94941981450073
0.7071067811865476 1.1102230246251568e-16 0.7071067811865476
-0.2501347736264697 -0.3681656355459145 -0.8954812448208548
0.7071067811865476 1.1102230246251568e-16 0.7071067811865476
0.7742088710643613 0.24765501852994828 0.5824668366200588
0.7071067811865476 1.1102230246251568e-16 0.7071067811865476
0.649986998998465 0.13961085654540312 0.7470111845666224
0.7071067811865476 1.1102230246251568e-16 0.7071067811865476
-0.7667402062830365 0.26264188884339146 -0.5857718790568749
0.7071067811865476 1.1102230246251568e-16 0.7071067811865476
-0.4679304195247265 0.011481800839044766 -0.8836907211988286
0.7071067811865476 1.1102230246251568e-16 0.7071067811865476
-0.19257538785015976 -0.11970222511900361 -0.9739538476210873
0.7071067811865476 1.1102230246251568e-16 0.7071067811865476
0.8581133011298991 0.16515239588027641 0.48617512128753737
0.7071067811865476 1.1102230246251568e-16 0.7071067811865476
-0.6322488323954145 0.12065418280843082 -0.7653129961691915
0.7071067811865476 1.1102230246251568e-16 0.7071067811865476
0.6602794882416945 -0.06537948995364073 0.7481687775500176
0.7071067811865476 1.1102230246251568e-16 0.7071067811865476
-0.6549505613183869 0.056027160024346975 -0.7535918786507296
0.7071067811865476 1.1102230246251568e-16 0.7071067811865476
-0.19658632425048922 -0.04285094091256441 -0.9795496995970084
0.7071067811865476 1.1102230246251568e-16 0.7071067811865476
-0.19417619537113318 -0.018673975494578873 -0.9807889109234562
0.7071067811865476 1.1102230246251568e-16 0.7071067811865476
0.9119517517976224 -0.05385470667916836 0.40674767726656824
0.7071067811865476 1.1102230246251568e-16 0.7071067811865476
0.842515286822649 -0.13499619579835853 0.5214825199276776
0.7071067811865476 1.1102230246251568e-16 0.7071067811865476
-0.3008689518589945 -0.17723633674026784 -0.9370513084917818
0.7071067811865476 1.1102230246251568e-16 0.7071067811865476
-0.6614687254206333 0.17337921355490343 -0.7296566134816338
0.7071067811865476 1.1102230246251568e-16 0.7071067811865476
-0.8098677773676847 0.12367716813221374 -0.5734266659864383
0.7071067811865476 1.1102230246251568e-16 0.7071067811865476
-0.06977894011584633 0.15287901508469934 -0.9857783251132282
0.7071067811865476 1.1102230246251568e-16 0.7071067811865476
-0.14143777601360014 0.05170519113601554 -0.9885959380484601
0.7071067811865476 1.1102230246251568e-16 0.7071067811865476
-0.5446169967842905 0.06281514863979586 -0.836329231771209
0.7071067811865476 1.1102230246251568e-16 0.7071067811865476
0.7692953721642584 0.08048532061857289 0.6338033950142431
0.7071067811865476 1.1102230246251568e-16 0.7071067811865476
-0.8050465415323833 0.033841747479643296 -0.5922455589485434
0.7071067811865476 1.1102230246251568e-16 0.7071067811865476
-0.6512185193081059 0.27111835103615367 -0.7088083519835211
0.7071067811865476 1.1102230246251568e-16 0.7071067811865476
-0.27308468987821255 0.17241990725830095 -0.9464122398485554
0.7071067811865476 1.1102230246251568e-16 0.7071067811865476
-0.2015060561185621 0.10720911284776632 -0.9736023394948977
0.7071067811865476 1.1102230246251568e-16 0.7071067811865476
0.8172335889595022 0.023830461907641765 0.5758136592350342
0.7071067811865476 1.1102230246251568e-16 0.7071067811865476
0.5273528734967934 0.023448823063517026 0.8493227298922423
0.7071067811865476 1.1102230246251568e-16 0.7071067811865476
-0.9511558589679533 0.09673578374770941 -0.29316329936342933
0.7071067811865476 1.1102230246251568e-16 0.7071067811865476
-0.690273230695951 0.16134624206760914 -0.7053298924299429
0.7071067811865476 1.1102230246251568e-16 0.7071067811865476
-0.21618045505812103 0.13066204359241487 -0.9675708972551406
0.7071067811865476 1.1102230246251568e-16 0.7071067811865476
0.6138591108399819 -0.33395781286435966 0.7152965617599459
0.7071067811865476 1.1102230246251568e-16 0.7071067811865476
0.5003968415720672 -0.44813209719501684 0.740797289687466
0.7071067811865476 1.1102230246251568e-16 0.7071067811865476
-0.8592043352755642 -0.13863372980870942 -0.492492232632152
0.7071067811865476 1.1102230246251568e-16 0.7071067811865476
-0.6022547765740188 0.017879235636535377 -0.7981037006723074
0.7071067811865476 1.1102230246251568e-16 0.7071067811865476
-0.7547688909518213 -0.009187322783897445 -0.6559264549867021
0.7071067811865476 1.1102230246251568e-16 0.7071067811865476
0.07157959822931373 -0.5009418891535936 -0.8625158461202662
0.7071067811865476 1.1102230246251568e-16 0.7071067811865476
0.8771665678491369 0.276552298854252 0.39255272033982147
0.7071067811865476 1.1102230246251568e-16 0.7071067811865476
-0.7688266449090608 0.1439637657005201 -0.6230409490901884
0.7071067811865476 1.1102230246251568e-16 0.7071067811865476
-0.6835389095528634 0.08817463579892638 -0.7245686942788856
0.7071067811865476 1.1102230246251568e-16 0.7071067811865476
0.13466802086396618 -0.6441452440757388 -0.7529551305962324
0.7071067811865476 1.1102230246251568e-16 0.7071067811865476
-0.1348297885953608 -0.19637178969243035 -0.9712152430436428
0.7071067811865476 1.1102230246251568e-16 0.7071067811865476
0.9331327333147362 0.2307111993507529 0.2757456155783924
0.7071067811865476 1.1102230246251568e-16 0.7071067811865476
-0.5816211055005147 -0.003366026408371803 -0.8134528624957794
0.7071067811865476 1.1102230246251568e-16 0.7071067811865476
-0.7755751752897291 -0.04791071256730156 -0.6294344374878129
0.7071067811865476 1.1102230246251568e-16 0.7071067811865476
-0.6943605327545384 0.11429669825785183 -0.7104925863935438
0.7071067811865476 1.1102230246251568e-16 0.7071067811865476
0.9556713544000716 -0.19291124339348192 -0.22243541658538452
0.7071067811865476 1.1102230246251568e-16 0.7071067811865476
-0.13134912417033393 -0.13203270496069255 -0.9825043370898924
0.7071067811865476 1.1102230246251568e-16 0.7071067811865476
0.860126544869686 -0.03530749985746617 0.508857256275619
0.7071067811865476 1.1102230246251568e-16 0.7071067811865476
0.8054057387012646 -0.11034755377690067 0.5823615830757763
0.7071067811865476 1.1102230246251568e-16 0.7071067811865476
-0.7591561358932015 -0.08435600370570251 -0.6454192637150726
0.7071067811865476 1.1102230246251568e-16 0.7071067811865476
-0.6923586793793641 0.03421291554172834 -0.7207419340500436
0.7071067811865476 1.1102230246251568e-16 0.7071067811865476
-0.501085794239331 0.29683891350049446 -0.8128958643291186
0.7071067811865476 1.1102230246251568e-16 0.7071067811865476
0.9063819279390459 -0.18181871010052836 -0.38133155830966625
0.7071067811865476 1.1102230246251568e-16 0.7071067811865476
-0.2761852543627517 -0.048660092973317075 -0.9598718146838203
0.7071067811865476 1.1102230246251568e-16 0.7071067811865476
0.7025807715644335 0.071237462562783 0.7080292955489492
0.7071067811865476 1.1102230246251568e-16 0.7071067811865476
0.5747799748447266 -0.029163541516889768 0.8177881561649618
0.7071067811865476 1.1102230246251568e-16 0.7071067811865476
-0.6047989139868192 0.08749055862479821 -0.791557752657306
0.7071067811865476 1.1102230246251568e-16 0.7071067811865476
-0.5520295580453819 0.16551798625350322 -0.8172314013000268
0.7071067811865476 1.1102230246251568e-16 0.7071067811865476
0.9851694138831819 0.1713341528822021 -0.009264664333153871
0.7071067811865476 1.1102230246251568e-16 0.7071067811865476
0.9924365380970156 0.11710385276690582 -0.03682941103462914
0.7071067811865476 1.1102230246251568e-16 0.7071067811865476
0.9164765243450453 -0.14417565467564405 0.3732079325567383
0.7071067811865476 1.1102230246251568e-16 0.7071067811865476
0.6436235364977484 0.20849620084701276 0.7363953269124498
0.7071067811865476 1.1102230246251568e-16 0.7071067811865476
0.8210347399295417 0.25199327596856064 0.5122512515313775
0.7071067811865476 1.1102230246251568e-16 0.7071067811865476
-0.5247402627917428 0.19288323518062334 -0.8291222552745215
0.7071067811865476 1.1102230246251568e-16 0.7071067811865476
-0.44455288989398434 0.2865709278139022 -0.8486753392309607
0.7071067811865476 1.1102230246251568e-16 0.7071067811865476
0.9651932727227599 0.17782637583922173 -0.1917804117907148
0.7071067811865476 1.1102230246251568e-16 0.7071067811865476
-0.5134274399919433 0.10325534276186146 -0.8518982322170002
0.7071067811865476 1.1102230246251568e-16 0.7071067811865476
0.9462141242797443 -0.1580871092380384 0.282289385040028
0.7071067811865476 1.1102230246251568e-16 0.7071067811865476
-0.5454113957244449 -0.11619629749897167 -0.8300751953054877
0.7071067811865476 1.1102230246251568e-16 0.7071067811865476
-0.3182116028814402 0.08716907460776877 -0.9440036696028516
0.7071067811865476 1.1102230246251568e-16 0.7071067811865476
-0.4221942983939451 0.14576867141964525 -0.8947085943681305
0.7071067811865476 1.1102230246251568e-16 0.7071067811865476
-0.14598455690692144 0.19555212484800855 -0.969766918188138
0.7071067811865476 1.1102230246251568e-16 0.7071067811865476
0.9914838219209254 -0.04356509324684682 0.12272698773891641
0.7071067811865476 1.1102230246251568e-16 0.7071067811865476
-0.36379132296532835 -0.22672005952817847 -0.9034677016599295
0.7071067811865476 1.1102230246251568e-16 0.7071067811865476
-0.17208055249800416 -0.1856929625473135 -0.9674225587158818
0.7071067811865476 1.1102230246251568e-16 0.7071067811865476
-0.17106415329690422 0.20674048445052692 -0.9633251930402188
0.7071067811865476 1.1102230246251568e-16 0.7071067811865476
-0.6433920084085207 0.30277035717471557 -0.7031193599470471
0.7071067811865476 1.1102230246251568e-16 0.7071067811865476
-0.760524498660412 0.1119943034682761 -0.639577800527805
0.7071067811865476 1.1102230246251568e-16 0.7071067811865476
-0.149766039765275 -0.46609788982736555 -0.8719649594057683
0.7071067811865476 1.1102230246251568e-16 0.7071067811865476
-0.35228441897783963 -0.37679599457473006 -0.856691581969781
0.7071067811865476 1.1102230246251568e-16 0.7071067811865476
0.9630337035825534 0.14943321405326412 0.22413344306859248
0.7071067811865476 1.1102230246251568e-16 0.7071067811865476
-0.7761549868815881 -0.02950938802733866 -0.629851277967342
0.7071067811865476 1.1102230246251568e-16 0.7071067811865476
-0.7505711396102257 0.16437594989002316 -0.640018368081698
0.7071067811865476 1.1102230246251568e-16 0.7071067811865476
0.9062162088053505 -0.2880107573529584 0.30955126642841047
0.7071067811865476 1.1102230246251568e-16 0.7071067811865476
-0.11464825444210267 -0.2623967657963824 -0.9581251040719982
0.7071067811865476 1.1102230246251568e-16 0.7071067811865476
0.9481683594477223 0.24303724026578563 0.20471849448988655
0.7071067811865476 1.1102230246251568e-16 0.7071067811865476
-0.22016683178582108 0.17712113154263198 -0.9592469290763728
0.7071067811865476 1.1102230246251568e-16 0.7071067811865476
-0.7362139231968193 0.07013564562952812 -0.6731047841928306
0.7071067811865476 1.1102230246251568e-16 0.7071067811865476
0.8562475394182143 -0.04590507152718438 0.5145219875266146
0.7071067811865476 1.1102230246251568e-16 0.7071067811865476
-0.03399816924484473 -0.154702809895022 -0.9873758985809729
0.7071067811865476 1.1102230246251568e-16 0.7071067811865476
-0.3790273432920468 0.07264044577738521 -0.9225300204731746
0.7071067811865476 1.1102230246251568e-16 0.7071067811865476
0.9208782297206329 -0.03665345579837293 0.38812344712041036
0.7071067811865476 1.1102230246251568e-16 0.7071067811865476
-0.6886595525226902 -0.1284764991045506 -0.7136118061643086
0.7071067811865476 1.1102230246251568e-16 0.7071067811865476
-0.6489123370925597 -0.08974459992609499 -0.7555519079144578
0.7071067811865476 1.1102230246251568e-16 0.7071067811865476
0.7330020563328634 0.07507499053073269 0.6760708033990257
0.7071067811865476 1.1102230246251568e-16 0.7071067811865476
0.8036559869380581 -0.07909230833083215 0.5898147687380475
0.7071067811865476 1.1102230246251568e-16 0.7071067811865476
0.8769967122015614 -0.031239711094409373 0.47947976728782776
0.7071067811865476 1.1102230246251568e-16 0.7071067811865476
-0.5819690720892754 0.1566235978525823 -0.7979856187471428
0.7071067811865476 1.1102230246251568e-16 0.7071067811865476
-0.6497337802224923 -0.05136677597977335 -0.7584243331824434
0.7071067811865476 1.1102230246251568e-16 0.7071067811865476
-0.6741515636769669 -0.02621126542570884 -0.7381277929713008
0.7071067811865476 1.1102230246251568e-16 0.7071067811865476
-0.6663407972975153 0.003455354104857533 -0.7456393245966322
0.7071067811865476 1.1102230246251568e-16 0.7071067811865476
-0.5789284038185649 0.17145851563151243 -0.7971473393730466
0.7071067811865476 1.1102230246251568e-16 0.7071067811865476
0.800987065970734 0.050404759814183034 0.5965560160920931
0.7071067811865476 1.1102230246251568e-16 0.7071067811865476
0.821201262856905 0.1425627571592804 0.5525435242162996
0.7071067811865476 1.1102230246251568e-16 0.7071067811865476
-0.6927430455754204 -0.10371793587009681 -0.7136873703420409
0.7071067811865476 1.1102230246251568e-16 0.7071067811865476
-0.4709547276571738 -0.05341826470962198 -0.8805385474201399
0.7071067811865476 1.1102230246251568e-16 0.7071067811865476
-0.42833196673907536 0.023311790269514077 -0.903320699809246
0.7071067811865476 1.1102230246251568e-16 0.7071067811865476
-0.5092746361096596 0.08546474358186279 -0.8563498832952922
0.7071067811865476 1.1102230246251568e-16 0.7071067811865476
0.843992378193417 -0.10608102280978056 0.5257600994284856
0.7071067811865476 1.1102230246251568e-16 0.7071067811865476
-0.5622120927873121 -0.15099745853209803 -0.813091218892787
0.7071067811865476 1.1102230246251568e-16 0.7071067811865476
-0.5671092164690807 0.42390296944677186 -0.7061822775247439
0.7071067811865476 1.1102230246251568e-16 0.7071067811865476
0.6251164451530428 0.7586695649908168 0.18343914837315345
0.7071067811865476 1.1102230246251568e-16 0.7071067811865476
0.8882364793890116 0.4342407314117962 0.14990311492948494
0.7071067811865476 1.1102230246251568e-16 0.7071067811865476
-0.6958271352941044 -0.46432459346668664 -0.5479299861208512
0.7071067811865476 1.1102230246251568e-16 0.7071067811865476
-0.2218428484661838 -0.7252572807387945 -0.65175733775676
0.7071067811865476 1.1102230246251568e-16 0.7071067811865476
-0.1292201447562144 -0.5415365266657259 -0.8306866704576428
0.7071067811865476 1.1102230246251568e-16 0.7071067811865476
-0.2044008346036651 -0.3061385387026651 -0.9297846492249279
0.7071067811865476 1.1102230246251568e-16 0.7071067811865476
-0.6533647121314803 0.17343447493666814 -0.7369091096226116
0.7071067811865476 1.1102230246251568e-16 0.7071067811865476
-0.8160646361725152 0.03247181064420662 -0.5770477372818537
0.7071067811865476 1.1102230246251568e-16 0.7071067811865476
-0.12197614881397645 -0.2889123674367607 -0.9495532965887681
0.7071067811865476 1.1102230246251568e-16 0.7071067811865476
0.9362520135137984 0.10338594928445712 0.33577300767320467
0.7071067811865476 1.1102230246251568e-16 0.7071067811865476
-0.36943282917393633 -0.22736831840107508 -0.9010122266184896
0.7071067811865476 1.1102230246251568e-16 0.7071067811865476
0.9270462792007919 0.3716789606989513 -0.049395813524174784
0.7071067811865476 1.1102230246251568e-16 0.7071067811865476
-0.7736107986778077 0.12477819911157713 -0.6212541615116604
0.7071067811865476 1.1102230246251568e-16 0.7071067811865476
-0.7378150222428878 0.04319267509463925 -0.6736196150431607
0.7071067811865476 1.1102230246251568e-16 0.7071067811865476
0.8461170229115345 -0.17817344194374962 0.5023347570348278
0.7071067811865476 1.1102230246251568e-16 0.7071067811865476
-0.7109827828726657 -0.06401002427976084 -0.70029008221618
0.7071067811865476 1.1102230246251568e-16 0.7071067811865476
-0.33555710794733207 -0.14013139577352768 -0.9315388447212417
0.7071067811865476 1.1102230246251568e-16 0.7071067811865476
0.9350343214862609 0.21131117110757247 -0.284707580875315
0.7071067811865476 1.1102230246251568e-16 0.7071067811865476
-0.6291228881557903 -0.11001141028336311 -0.7694815665147428
0.7071067811865476 1.1102230246251568e-16 0.7071067811865476
-0.7486740704994767 -0.01925526657057508 -0.662658562814245
0.7071067811865476 1.1102230246251568e-16 0.7071067811865476
0.7380604971592052 0.04530824348925134 0.6732116053701286
0.7071067811865476 1.1102230246251568e-16 0.7071067811865476
0.9089464322635261 -0.1984846969512043 0.3666336159595785
0.7071067811865476 1.1102230246251568e-16 0.7071067811865476
-0.6735443686036091 0.4057091008768706 -0.6178495844362498
0.7071067811865476 1.1102230246251568e-16 0.7071067811865476
-0.14463427729831416 0.015688536453381936 -0.9893608015554008
0.7071067811865476 1.1102230246251568e-16 0.7071067811865476
0.9904230560088965 -0.027548227669012992 -0.13528956086222915
0.7071067811865476 1.1102230246251568e-16 0.7071067811865476
-0.8167820683862754 -0.10029388134972714 -0.5681621160605875
0.7071067811865476 1.1102230246251568e-16 0.7071067811865476
-0.731049942408996 -0.08509758101612436 -0.676996590396885
0.7071067811865476 1.1102230246251568e-16 0.7071067811865476
-0.381688646619168 -0.027878523449328146 -0.9238704265059647
0.7071067811865476 1.1102230246251568e-16 0.7071067811865476
0.7398327292295851 -0.050940674526049 0.6708595832508726
0.7071067811865476 1.1102230246251568e-16 0.7071067811865476
0.6716784785951964 0.05090933935892587 0.7390915102733085
0.7071067811865476 1.1102230246251568e-16 0.7071067811865476
-0.5619301273045444 0.012212578036242816 -0.8270945441515178
0.7071067811865476 1.1102230246251568e-16 0.7071067811865476
-0.3601623134016802 -0.12083093325128638 -0.9250313473470901
0.7071067811865476 1.1102230246251568e-16 0.7071067811865476
0.9460761109802918 -0.2578291712926894 -0.19612269288109396
0.7071067811865476 1.1102230246251568e-16 0.7071067811865476
-0.73877818282642 0.013755048516985337 -0.6738082777912336
0.7071067811865476 1.1102230246251568e-16 0.7071067811865476
-0.7169070345740599 0.010682416965034193 -0.6970869312689866
0.7071067811865476 1.1102230246251568e-16 0.7071067811865476
-0.4253230669883849 -0.015539930758747688 -0.9049081717166706
0.7071067811865476 1.1102230246251568e-16 0.7071067811865476
0.7396190710722476 -0.051501907676164194 0.6710522954375028
0.7071067811865476 1.1102230246251568e-16 0.7071067811865476
0.7863962021776714 -0.09451838389719404 0.6104484321431236
0.7071067811865476 1.1102230246251568e-16 0.7071067811865476
-0.563756998911829 -0.07298396366440794 -0.822709783110521
0.7071067811865476 1.1102230246251568e-16 0.7071067811865476
0.7981023927055624 -0.3021721594454131 -0.5212720564290321
0.7071067811865476 1.1102230246251568e-16 0.7071067811865476
-0.7478379832523168 -0.17999401272432408 -0.6390152628760157
0.7071067811865476 1.1102230246251568e-16 0.7071067811865476
-0.6615007275070587 0.04474681414203236 -0.7486083823547333
0.7071067811865476 1.1102230246251568e-16 0.7071067811865476
0.7082468846692928 0.08339159201272835 0.7010222483900381
0.7071067811865476 1.1102230246251568e-16 0.7071067811865476
0.7190516332918419 -0.0589647095214037 0.6924506565029678
0.7071067811865476 1.1102230246251568e-16 0.7071067811865476
0.7805199920120567 -0.2006494921949099 0.5920543246623773
0.7071067811865476 1.1102230246251568e-16 0.7071067811865476
-0.573977336167134 -0.17766362454911092 -0.7993657824041216
0.7071067811865476 1.1102230246251568e-16 0.7071067811865476
-0.2651127645517147 0.8971919591359593 -0.3532163791976902
0.7071067811865476 1.1102230246251568e-16 0.7071067811865476
0.577704537113376 0.8015023405879586 0.15443919784382498
0.7071067811865476 1.1102230246251568e-16 0.7071067811865476
0.6766397747971495 0.238869561473766 0.696491168475088
0.7071067811865476 1.1102230246251568e-16 0.7071067811865476
0.7136128324740173 0.1843598311151165 0.6758462680222594
0.7071067811865476 1.1102230246251568e-16 0.7071067811865476
0.4989707732796962 -0.714299044419231 0.49071890380790884
0.7071067811865476 1.1102230246251568e-16 0.7071067811865476
-0.6423393919784283 -0.5062118456366331 -0.5754560564021692
0.7071067811865476 1.1102230246251568e-16 0.7071067811865476
0.12783543463302743 -0.7992369921800719 -0.5872634263966526
0.7071067811865476 1.1102230246251568e-16 0.7071067811865476
0.8633123605669282 -0.39603633919773906 0.3128050289352964
0.7071067811865476 1.1102230246251568e-16 0.7071067811865476
-0.2804120243216937 -0.021127446825948554 -0.9596471891306859
0.7071067811865476 1.1102230246251568e-16 0.7071067811865476
-0.20799850629786343 0.17389727936666804 -0.9625468080081762
0.7071067811865476 1.1102230246251568e-16 0.7071067811865476
-0.7463793281937988 0.1307882935111568 -0.6525429646585833
0.7071067811865476 1.1102230246251568e-16 0.7071067811865476
-0.8117931510127068 -0.10130997077545824 -0.5750897058636474
0.7071067811865476 1.1102230246251568e-16 0.7071067811865476
0.8796102163470085 0.12518001787078029 0.458929003685581
0.7071067811865476 1.1102230246251568e-16 0.7071067811865476
0.8151526538345557 0.23576002233894722 0.5290967423952073
0.7071067811865476 1.1102230246251568e-16 0.7071067811865476
-0.7543992442887069 0.212701702644007 -0.6209990063671345
0.7071067811865476 1.1102230246251568e-16 0.7071067811865476
0.922220001092457 -0.38323283678867354 -0.051408777382217774
0.7071067811865476 1.1102230246251568e-16 0.7071067811865476
-0.8048582834449394 -0.07130378898619932 -0.5891679838944722
0.7071067811865476 1.1102230246251568e-16 0.7071067811865476
-0.7656751826288702 -0.07225125917972731 -0.6391566867781249
0.7071067811865476 1.1102230246251568e-16 0.7071067811865476
-0.6152532784229563 -0.008249862226630548 -0.7882863332337089
0.7071067811865476 1.1102230246251568e-16 0.7071067811865476
0.8233556034581028 0.15519986486929804 0.5458924364732443
0.7071067811865476 1.1102230246251568e-16 0.7071067811865476
0.639781772633907 0.10163167879677704 0.7618072494209835
0.7071067811865476 1.1102230246251568e-16 0.7071067811865476
-0.6131886158078916 0.0516141072530486 -0.7882485048359259
0.7071067811865476 1.1102230246251568e-16 0.7071067811865476
0.9709663851328151 -0.05668463618742581 -0.23240294955618146
0.7071067811865476 1.1102230246251568e-16 0.7071067811865476
-0.7849956859338493 0.05842725559514989 -0.6167398388857854
0.7071067811865476 1.1102230246251568e-16 0.7071067811865476
0.8360744682274539 0.19633600460420725 0.5122808378948378
0.7071067811865476 1.1102230246251568e-16 0.7071067811865476
0.798171946270535 0.021900666590782603 0.6020314817263178
0.7071067811865476 1.1102230246251568e-16 0.7071067811865476
0.7551389744658947 0.004585150385265191 0.6555487057713876
0.7071067811865476 1.1102230246251568e-16 0.7071067811865476
0.8162132203428889 0.0531922691699203 0.5752969332771081
0.7071067811865476 1.1102230246251568e-16 0.7071067811865476
0.6429910267203554 -0.29842289360779306 -0.7053412763534084
0.7071067811865476 1.1102230246251568e-16 0.7071067811865476
0.23032926909067103 -0.3407470119560642 -0.9115041972712858
0.7071067811865476 1.1102230246251568e-16 0.7071067811865476
-0.832817903720644 -0.07714284741715954 -0.5481453459938568
0.7071067811865476 1.1102230246251568e-16 0.7071067811865476
-0.6704391244258721 0.2650033972664671 -0.6930256704309742
0.7071067811865476 1.1102230246251568e-16 0.7071067811865476
0.7727086942253029 -0.11712143797734437 0.6238620381420451
0.7071067811865476 1.1102230246251568e-16 0.7071067811865476
-0.7554372251326753 0.20291743828042552 -0.6230081156177288
0.7071067811865476 1.1102230246251568e-16 0.7071067811865476
0.9928852510396257 0.02647253108214037 0.11609514790069628
0.7071067811865476 1.1102230246251568e-16 0.7071067811865476
-0.21531886080121398 -0.2256807997975313 -0.9501083963348677
0.7071067811865476 1.1102230246251568e-16 0.7071067811865476
-0.62095282156314 0.031923295969209065 -0.7831976101644065
0.7071067811865476 1.1102230246251568e-16 0.7071067811865476
0.6486315988414684 -0.18033262867015667 0.7394303158657155
0.7071067811865476 1.1102230246251568e-16 0.7071067811865476
0.7366172478211157 -0.0009457976765138709 0.6763092012380139
0.7071067811865476 1.1102230246251568e-16 0.7071067811865476
0.7692742582971321 0.00364628650551746 0.6389083033707709
0.7071067811865476 1.1102230246251568e-16 0.7071067811865476
-0.4026372642936932 0.20793633281111434 -0.8914290296479894
0.7071067811865476 1.1102230246251568e-16 0.7071067811865476
-0.6243207907257359 0.2602789920433592 -0.7365313276219042
0.7071067811865476 1.1102230246251568e-16 0.7071067811865476
-0.6738501482674419 0.4652145878415447 -0.5740220944696888
0.7071067811865476 1.1102230246251568e-16 0.7071067811865476
0.7888173962490806 0.17168891522068383 0.5901610218958601
0.7071067811865476 1.1102230246251568e-16 0.7071067811865476
0.7201189560028687 0.07692720394539113 0.6895729798204703
0.7071067811865476 1.1102230246251568e-16 0.7071067811865476
-0.4578377615536359 -0.4732686944309518 -0.7525963904824274
0.7071067811865476 1.1102230246251568e-16 0.7071067811865476
0.7347807183705549 0.22092970449104232 0.6413168963814628
0.7071067811865476 1.1102230246251568e-16 0.7071067811865476
-0.704845143820443 -0.6478339671219178 -0.2889714073672634
0.7071067811865476 1.1102230246251568e-16 0.7071067811865476
-0.6964115010766498 -0.10795051549061069 -0.7094770661363755
0.7071067811865476 1.1102230246251568e-16 0.7071067811865476
-0.5166890773670715 -0.30797852738144776 -0.7988627066032805
0.7071067811865476 1.1102230246251568e-16 0.7071067811865476
-0.3694227834570354 -0.008388503519332513 -0.929223568400825
0.7071067811865476 1.1102230246251568e-16 0.7071067811865476
-0.7351204086002073 -0.05962409648538318 -0.6753095230912755
0.7071067811865476 1.1102230246251568e-16 0.7071067811865476
0.6350531707965404 -0.0941738221934066 0.7667064376113878
0.7071067811865476 1.1102230246251568e-16 0.7071067811865476
0.6507911318925053 0.1584843288283352 0.7425318984164276
0.7071067811865476 1.1102230246251568e-16 0.7071067811865476
0.8372504568847032 0.3648385383978381 0.40731377750585
0.7071067811865476 1.1102230246251568e-16 0.7071067811865476
-0.36599913575846527 -0.40072767279128335 -0.8399178322213066
0.7071067811865476 1.1102230246251568e-16 0.7071067811865476
-0.5849527889717165 0.05304006852248466 -0.8093311966094849
0.7071067811865476 1.1102230246251568e-16 0.7071067811865476
-0.7680094631696195 0.09108883831165869 -0.6339276678115141
0.7071067811865476 1.1102230246251568e-16 0.7071067811865476
0.7236401468847126 0.09892675068395776 0.6830508295989294
0.7071067811865476 1.1102230246251568e-16 0.7071067811865476
0.7914167112261241 0.2034497383241583 0.5764267457082968
0.7071067811865476 1.1102230246251568e-16 0.7071067811865476
-0.8975777865479868 0.09249571914511101 -0.4310436857621808
0.7071067811865476 1.1102230246251568e-16 0.7071067811865476
0.8026305764067514 -0.5067667580201688 0.3145975377886701
0.7071067811865476 1.1102230246251568e-16 0.7071067811865476
-0.09277763409312102 0.2900188662408517 -0.9525131851247278
0.7071067811865476 1.1102230246251568e-16 0.7071067811865476
-0.5382289273716807 0.014629702712719576 -0.8426716997377256
0.7071067811865476 1.1102230246251568e-16 0.7071067811865476
-0.775665544333032 -0.13874923521226495 -0.6157041603420859
0.7071067811865476 1.1102230246251568e-16 0.7071067811865476
0.867658562352428 0.09283545256303238 0.4884160090782598
0.7071067811865476 1.1102230246251568e-16 0.7071067811865476
-0.7777473520470661 -0.11865646669091215 -0.6172760316877738
0.7071067811865476 1.1102230246251568e-16 0.7071067811865476
-0.8860864515230455 0.05358633568523852 -0.46041210350633327
0.7071067811865476 1.1102230246251568e-16 0.7071067811865476
0.95744081771384 -0.2865893597186855 -0.03425813000569728
0.7071067811865476 1.1102230246251568e-16 0.7071067811865476
0.005473248741252635 -0.15472525903090723 -0.9879423757315177
0.7071067811865476 1.1102230246251568e-16 0.7071067811865476
-0.39536675391724985 -0.320604136386285 -0.8607543886782927
0.7071067811865476 1.1102230246251568e-16 0.7071067811865476
0.8453975694187545 0.09703816771972593 0.5252490301052068
0.7071067811865476 1.1102230246251568e-16 0.7071067811865476
0.8792369230909376 0.05549858596538704 0.47314093041019323
0.7071067811865476 1.1102230246251568e-16 0.7071067811865476
0.7866013670025875 -0.07893442919216487 0.6123950075872335
0.7071067811865476 1.1102230246251568e-16 0.7071067811865476
-0.7700811107883486 0.10189017170437326 -0.629756679771669
0.7071067811865476 1.1102230246251568e-16 0.7071067811865476
-0.806094906226332 -0.062191750350247266 -0.5885092933372709
0.7071067811865476 1.1102230246251568e-16 0.7071067811865476
0.9913380606875741 -0.12382629903519374 0.04377096182912186
0.7071067811865476 1.1102230246251568e-16 0.7071067811865476
-0.4597227326883839 -0.10645838345141767 -0.8816584495383888
0.7071067811865476 1.1102230246251568e-16 0.7071067811865476
-0.6290004793907658 0.3268335679701241 -0.7053638889070699
0.7071067811865476 1.1102230246251568e-16 0.7071067811865476
0.7841005780489918 0.04767794453454228 0.6187997229380425
0.7071067811865476 1.1102230246251568e-16 0.7071067811865476
0.8524205778090086 0.02355209086379778 0.5223260069570529
0.7071067811865476 1.1102230246251568e-16 0.7071067811865476
-0.6727779770201131 0.032206554123718034 -0.7391431062441158
0.7071067811865476 1.1102230246251568e-16 0.7071067811865476
-0.7528269187591441 -0.1265362651523217 -0.6459413316957776
0.7071067811865476 1.1102230246251568e-16 0.7071067811865476
0.9803767046216039 0.0897250515346335 0.1755304308728034
0.7071067811865476 1.1102230246251568e-16 0.7071067811865476
-0.5166628038268223 0.021844563857864818 -0.8559102535731572
0.7071067811865476 1.1102230246251568e-16 0.7071067811865476
-0.8252965836635145 0.09598300156654284 -0.5564825355782593
0.7071067811865476 1.1102230246251568e-16 0.7071067811865476
0.564746667308058 0.18408259090931214 0.8044717530706449
0.7071067811865476 1.1102230246251568e-16 0.7071067811865476
-0.4938870374363059 -0.2318572262185295 -0.8380440447271483
0.7071067811865476 1.1102230246251568e-16 0.7071067811865476
-0.59667502921953 -0.1253193076133226 -0.7926373575886961
0.7071067811865476 1.1102230246251568e-16 0.7071067811865476
0.8982349094452766 0.28289318143241887 0.3363710679485981
0.7071067811865476 1.1102230246251568e-16 0.7071067811865476
-0.7572761095700344 0.30051586297134314 -0.5798474885494136
0.7071067811865476 1.1102230246251568e-16 0.7071067811865476
0.7487902467995345 0.3557975921304707 0.5592148421957801
0.7071067811865476 1.1102230246251568e-16 0.7071067811865476
0.9421147949430934 -0.05329423690661006 0.3310278499792355
0.7071067811865476 1.1102230246251568e-16 0.7071067811865476
-0.3960270182913366 -0.28403974193580817 -0.8732033129714484
0.7071067811865476 1.1102230246251568e-16 0.7071067811865476
0.7938053669438717 0.36096787761547733 0.489464228254612
0.7071067811865476 1.1102230246251568e-16 0.7071067811865476
-0.7314974002357529 -0.17176106435521252 -0.6598558101736312
0.7071067811865476 1.1102230246251568e-16 0.7071067811865476
0.6412946115754128 -0.09861974769724081 0.7609305924514227
0.7071067811865476 1.1102230246251568e-16 0.7071067811865476
-0.023045354215325938 0.3538022569819375 -0.9350362958749662
0.7071067811865476 1.1102230246251568e-16 0.7071067811865476
-0.46066234308632553 -0.15862643188103406 -0.8732856696241547
0.7071067811865476 1.1102230246251568e-16 0.7071067811865476
-0.9291220998710727 -0.16192273852210062 -0.3324351820741477
0.7071067811865476 1.1102230246251568e-16 0.7071067811865476
0.7413834865926561 -0.12758654613054557 0.6588415583842561
0.7071067811865476 1.1102230246251568e-16 0.7071067811865476
0.8925935000497699 0.3385878462606588 0.2977164994310358
0.7071067811865476 1.1102230246251568e-16 0.7071067811865476
-0.6800391388631437 -0.0709216101256609 -0.7297375520222718
0.7071067811865476 1.1102230246251568e-16 0.7071067811865476
-0.3397943328251231 -0.4965358590747891 -0.7987439840354297
0.7071067811865476 1.1102230246251568e-16 0.7071067811865476
-0.47763712587439977 -0.07406698996015723 -0.8754295271377844
0.7071067811865476 1.1102230246251568e-16 0.7071067811865476
-0.86769715310117 -0.3238168566106014 -0.3771528786512889
0.7071067811865476 1.1102230246251568e-16 0.7071067811865476
0.9269426820933123 -0.05040065824783352 0.3718024176385107
0.7071067811865476 1.1102230246251568e-16 0.7071067811865476
-0.12724360642067595 0.37980203445211225 -0.9162747837036096
0.7071067811865476 1.1102230246251568e-16 0.7071067811865476
0.5173248643250525 -0.23150348628061726 0.8238817394450407
0.7071067811865476 1.1102230246251568e-16 0.7071067811865476
0.8732145433742222 -0.4028967776171773 0.27417247824215246
0.7071067811865476 1.1102230246251568e-16 0.7071067811865476
-0.5438031671495915 0.05294050858140811 -0.8375412932800479
0.7071067811865476 1.1102230246251568e-16 0.7071067811865476
-0.8532570627194263 -0.2724851834151755 -0.4446394154127764
0.7071067811865476 1.1102230246251568e-16 0.7071067811865476
0.7802549395430488 0.08033653666841184 0.6202807994729469
0.7071067811865476 1.1102230246251568e-16 0.7071067811865476
-0.19804106656535017 0.034107371426991134 -0.9796001343242046
0.7071067811865476 1.1102230246251568e-16 0.7071067811865476
-0.5776863201917527 -0.13532913127663504 -0.8049624473795178
0.7071067811865476 1.1102230246251568e-16 0.7071067811865476
0.5792077895866325 0.02986719693008033 0.8146326086216455
0.7071067811865476 1.1102230246251568e-16 0.7071067811865476
0.888074561260927 0.07490128855899399 0.45355635880606326
0.7071067811865476 1.1102230246251568e-16 0.7071067811865476
-0.7184538520429028 0.07099253862332365 -0.6919422822349641
0.7071067811865476 1.1102230246251568e-16 0.7071067811865476
0.8483970520756238 0.025115229617045157 0.5287642832781678
0.7071067811865476 1.1102230246251568e-16 0.7071067811865476
-0.053279016827163954 -0.14734694957414152 -0.9876488357797656
0.7071067811865476 1.1102230246251568e-16 0.7071067811865476
-0.7553942154996012 -0.05121029861749775 -0.65326647281584
0.7071067811865476 1.1102230246251568e-16 0.7071067811865476
-0.7197807469104959 -0.29571372111130884 -0.6280677284524908
0.7071067811865476 1.1102230246251568e-16 0.7071067811865476
-0.8253632656456543 -0.19750768363847387 -0.5289292907624851
0.7071067811865476 1.1102230246251568e-16 0.7071067811865476
-0.7239998923907638 0.195152311297361 -0.6616190227113037
0.7071067811865476 1.1102230246251568e-16 0.7071067811865476
-0.20027630657584508 0.11090417769871538 -0.9734421731121526
0.7071067811865476 1.1102230246251568e-16 0.7071067811865476
0.7934213778263683 0.24646151545558548 0.5565422163748618
0.7071067811865476 1.1102230246251568e-16 0.7071067811865476
-0.6180016919350569 -0.15717822790708796 -0.770304429065155
0.7071067811865476 1.1102230246251568e-16 0.7071067811865476
-0.7790989119997664 -0.039654146529276124 -0.6256456137333778
0.7071067811865476 1.1102230246251568e-16 0.7071067811865476
-0.6996152291109635 0.08846158691522732 -0.7090226222317971
0.7071067811865476 1.1102230246251568e-16 0.7071067811865476
-0.371688710317395 0.26336029831717483 -0.8902184315620972
0.7071067811865476 1.1102230246251568e-16 0.7071067811865476
0.7919093019728546 -0.02189753976725139 0.6102459792583707
0.7071067811865476 1.1102230246251568e-16 0.7071067811865476
0.516201065753377 0.304665305867776 0.8004470695277559
0.7071067811865476 1.1102230246251568e-16 0.7071067811865476
-0.6289488008763506 -0.2338596392145606 -0.7414398660866814
0.7071067811865476 1.1102230246251568e-16 0.7071067811865476
-0.5975847097571207 -0.2934998563431813 -0.7461570538372131
0.7071067811865476 1.1102230246251568e-16 0.7071067811865476
0.731236281245224 -0.263000059716062 0.6293841987053722
0.7071067811865476 1.1102230246251568e-16 0.7071067811865476
-0.3363686521115779 -0.12672757785133598 -0.9331646429695961
0.7071067811865476 1.1102230246251568e-16 0.7071067811865476
-0.7873679470058096 -0.016896699969480792 -0.6162517485232785
0.7071067811865476 1.1102230246251568e-16 0.7071067811865476
-0.5932498602910959 -0.09249999589268883 -0.7996864098035228
0.7071067811865476 1.1102230246251568e-16 0.7071067811865476
-0.4086242532585669 -0.4647524657058829 -0.7855134405401225
0.7071067811865476 1.1102230246251568e-16 0.7071067811865476
-0.5116877454149339 -0.2243681962498569 -0.8293579225544104
0.7071067811865476 1.1102230246251568e-16 0.7071067811865476
-0.6650465161518666 0.01781806116947876 -0.7465893436491212
0.7071067811865476 1.1102230246251568e-16 0.7071067811865476
-0.4094441334571048 0.08817636581915655 -0.9080641112214968
0.7071067811865476 1.1102230246251568e-16 0.7071067811865476
-0.6464343031964124 0.11274815597517246 -0.754592966423069
0.7071067811865476 1.1102230246251568e-16 0.7071067811865476
-0.8337874052408252 -0.10271803607633695 -0.5424459124432521
0.7071067811865476 1.1102230246251568e-16 0.7071067811865476
0.586512836874475 -0.308869884950605 0.7487336551485151
0.7071067811865476 1.1102230246251568e-16 0.7071067811865476
-0.5914067894123642 -0.08574038611200707 -0.8018020925554656
0.7071067811865476 1.1102230246251568e-16 0.7071067811865476
-0.7316484136480375 -0.04542678631053043 -0.6801668956159272
0.7071067811865476 1.1102230246251568e-16 0.7071067811865476
-0.5555575712515606 0.0176019294659277 -0.8312917400673145
0.7071067811865476 1.1102230246251568e-16 0.7071067811865476
-0.5281453642891457 0.0837358087503158 -0.8450152593372596
0.7071067811865476 1.1102230246251568e-16 0.7071067811865476
-0.7266086793316029 0.015659612674918666 -0.6868730622544864
0.7071067811865476 1.1102230246251568e-16 0.7071067811865476
0.3347467333143085 -0.27638813776338605 0.9008630427756968
0.7071067811865476 1.1102230246251568e-16 0.7071067811865476
0.8351099760569072 -0.09484641385339732 0.5418445216751592
0.7071067811865476 1.1102230246251568e-16 0.7071067811865476
-0.9062782295481222 -0.10052341357289735 -0.41055427652232934
0.7071067811865476 1.1102230246251568e-16 0.7071067811865476
-0.6275461762934196 0.13737359968971385 -0.766364332891216
0.7071067811865476 1.1102230246251568e-16 0.7071067811865476
-0.5410511577057695 0.1194900772104148 -0.8324576663071197
0.7071067811865476 1.1102230246251568e-16 0.7071067811865476
-0.6629277822422707 -0.10182834445039435 -0.7417261919319261
0.7071067811865476 1.1102230246251568e-16 0.7071067811865476
0.21156745878195166 -0.43648102138791267 0.874484721623375
0.7071067811865476 1.1102230246251568e-16 0.7071067811865476
0.6701857998185103 0.04092227411988425 0.7410643434968928
0.7071067811865476 1.1102230246251568e-16 0.7071067811865476
-0.5798935385898383 -0.02200389097117983 -0.8143950593439798
0.7071067811865476 1.1102230246251568e-16 0.7071067811865476
-0.7421874269685934 0.1400445489776383 -0.6553970915036081
0.7071067811865476 1.1102230246251568e-16 0.7071067811865476
-0.5077536139367954 0.011807238468080045 -0.8614214164123629
0.7071067811865476 1.1102230246251568e-16 0.7071067811865476
-0.5457526879866211 -0.056769431073431825 -0.8360210734490947
0.7071067811865476 1.1102230246251568e-16 0.7071067811865476
-0.944888959153582 0.15426948576890062 -0.28876596168915
0.7071067811865476 1.1102230246251568e-16 0.7071067811865476
0.3982835919525205 0.15687332501877357 0.9037482726284751
0.7071067811865476 1.1102230246251568e-16 0.7071067811865476
0.7825113842994655 0.13252723648929993 0.6083686916913487
0.7071067811865476 1.1102230246251568e-16 0.7071067811865476
-0.5928787210180221 0.1087478375256461 -0.797915239857925
0.7071067811865476 1.1102230246251568e-16 0.7071067811865476
-0.6967052289099307 0.12940843590778234 -0.7055886058642546
0.7071067811865476 1.1102230246251568e-16 0.7071067811865476
-0.7494088394089677 0.0388511569702698 -0.6609667003849554
0.7071067811865476 1.1102230246251568e-16 0.7071067811865476
-0.7099995330616229 -0.0002588451346356435 -0.7042020988689779
0.7071067811865476 1.1102230246251568e-16 0.7071067811865476
-0.9185252040797045 0.3736353287426765 -0.12925977945861258
0.7071067811865476 1.1102230246251568e-16 0.7071067811865476
0.6961476204207345 0.17708638110087668 0.6957146715508765
0.7071067811865476 1.1102230246251568e-16 0.7071067811865476
-0.6361232301482772 0.11841256605711527 -0.7624471786723925
0.7071067811865476 1.1102230246251568e-16 0.7071067811865476
-0.6189501364713036 0.0818461678065529 -0.7811542314917947
0.7071067811865476 1.1102230246251568e-16 0.7071067811865476
-0.8368619940993082 0.06753922811030234 -0.543231493470688
0.7071067811865476 1.1102230246251568e-16 0.7071067811865476
0.7768775847870658 -0.19496716699594896 0.5987061232766784
0.7071067811865476 1.1102230246251568e-16 0.7071067811865476
0.8157491804701085 -0.08031322348300574 0.5728028113549332
0.7071067811865476 1.1102230246251568e-16 0.7071067811865476
-0.5985663287465532 -0.02225934515581141 -0.8007639300343814
0.7071067811865476 1.1102230246251568e-16 0.7071067811865476
-0.6616180398754378 -0.14642219293003325 -0.7354060855941728
0.7071067811865476 1.1102230246251568e-16 0.7071067811865476
-0.6733037618737391 -0.0020536157316957677 -0.739363122497395
0.7071067811865476 1.1102230246251568e-16 0.7071067811865476
-0.655045931250398 0.07139943927285863 -0.7522080483641613
0.7071067811865476 1.1102230246251568e-16 0.7071067811865476
-0.46954993751198837 0.000366247499150485 -0.8829058398522784
0.7071067811865476 1.1102230246251568e-16 0.7071067811865476
-0.6957021536414152 -0.0021703150664078574 -0.7183270864663319
0.7071067811865476 1.1102230246251568e-16 0.7071067811865476
-0.6463438007094559 -0.1997785754625563 -0.7364293666541325
0.7071067811865476 1.1102230246251568e-16 0.7071067811865476
-0.5831480921084539 -0.0012188542335839216 -0.8123649531242886
0.7071067811865476 1.1102230246251568e-16 0.7071067811865476
-0.6849179025670793 0.04057982609602945 -0.7274893431914512
0.7071067811865476 1.1102230246251568e-16 0.7071067811865476
-0.4590194842298637 0.0230970049023842 -0.8881259153193815
0.7071067811865476 1.1102230246251568e-16 0.7071067811865476
-0.5217279688564899 -0.0014624163987339012 -0.8531106539313398
0.7071067811865476 1.1102230246251568e-16 0.7071067811865476
-0.7214947291534324 0.07861878860198741 -0.6879421791710197
0.7071067811865476 1.1102230246251568e-16 0.7071067811865476
0.40391942672383097 0.02194950589664557 0.914531200072466
0.7071067811865476 1.1102230246251568e-16 0.7071067811865476
-0.6759288455320662 -0.04850527845025161 -0.7353689099629871
0.7071067811865476 1.1102230246251568e-16 0.7071067811865476
-0.7277778152200239 0.03935994787177172 -0.6846825879026719
0.7071067811865476 1.1102230246251568e-16 0.7071067811865476
-0.6150851148146458 0.0816479152356207 -0.7842218560274452
0.7071067811865476 1.1102230246251568e-16 0.7071067811865476
-0.5427918118324341 0.03837200588415574 -0.8389902491519731
0.7071067811865476 1.1102230246251568e-16 0.7071067811865476
-0.5956185039908691 -0.33497007879982227 -0.7300915312565405
0.7071067811865476 1.1102230246251568e-16 0.7071067811865476
0.40769421511015536 -0.14797238706488433 0.9010491660459126
0.7071067811865476 1.1102230246251568e-16 0.7071067811865476
-0.6412926000879255 0.29129467685683735 -0.7098529511859049
0.7071067811865476 1.1102230246251568e-16 0.7071067811865476
-0.6315375076901808 -0.05180734375115548 -0.7736125487050507
0.7071067811865476 1.1102230246251568e-16 0.7071067811865476
-0.6686868343342123 -0.03673969394104514 -0.7426359218871709
0.7071067811865476 1.1102230246251568e-16 0.7071067811865476
-0.4019533246686608 0.015364918748814654 -0.9155312359825046
0.7071067811865476 1.1102230246251568e-16 0.7071067811865476
-0.6260865607354106 -0.17933378416245763 -0.7588511134105808
0.7071067811865476 1.1102230246251568e-16 0.7071067811865476
-0.7727438953242864 -0.10762205515550971 -0.6255272699756204
0.7071067811865476 1.1102230246251568e-16 0.7071067811865476
-0.8864276924618093 0.0854894639259332 -0.4549038333477621
0.7071067811865476 1.1102230246251568e-16 0.7071067811865476
-0.6122226887137084 -0.030438559321441908 -0.7900992808062749
0.7071067811865476 1.1102230246251568e-16 0.7071067811865476
-0.6751297729593282 0.3442149450743426 -0.6524690500332974
0.7071067811865476 1.1102230246251568e-16 0.7071067811865476
0.8088896019963957 0.027744143847546636 0.5873056055106909
0.7071067811865476 1.1102230246251568e-16 0.7071067811865476
0.8413963835199677 0.10564396957390082 0.5299919598373057
0.7071067811865476 1.1102230246251568e-16 0.7071067811865476
-0.8162722990638365 0.18404137501521298 -0.5475658006701555
0.7071067811865476 1.1102230246251568e-16 0.7071067811865476
-0.4624807048879751 -0.1227135025954787 -0.8780962327029261
0.7071067811865476 1.1102230246251568e-16 0.7071067811865476
-0.5952681522176261 0.04395507451696928 -0.8023239859181706
0.7071067811865476 1.1102230246251568e-16 0.7071067811865476
-0.6130861205693168 0.030109895195283176 -0.7894420833579842
0.7071067811865476 1.1102230246251568e-16 0.7071067811865476
-0.7694140470165121 -0.1062247207176982 -0.6298558033090746
0.7071067811865476 1.1102230246251568e-16 0.7071067811865476
-0.6409448446256552 0.02711029007802085 -0.7671080356245009
0.7071067811865476 1.1102230246251568e-16 0.7071067811865476
-0.6337504529521277 0.02909265748511203 -0.7729902849735092
0.7071067811865476 1.1102230246251568e-16 0.7071067811865476
0.9038113392708435 0.15480376264763465 0.3989496936652277
0.7071067811865476 1.1102230246251568e-16 0.7071067811865476
-0.7248041459295597 0.2514326349722891 -0.6414363414355422
0.7071067811865476 1.1102230246251568e-16 0.7071067811865476
-0.6693949647543259 0.08216596982145626 -0.7383489246723762
0.7071067811865476 1.1102230246251568e-16 0.7071067811865476
-0.6567392065153969 0.04495909866762149 -0.7527763904855959
0.7071067811865476 1.1102230246251568e-16 0.7071067811865476
-0.49939836181670527 0.0036893884336128002 -0.8663646256789211
0.7071067811865476 1.1102230246251568e-16 0.7071067811865476
0.8445218208760658 0.25854870753286063 0.4689727709550542
0.7071067811865476 1.1102230246251568e-16 0.7071067811865476
-0.6530857993316332 0.09451829104425225 -0.7513622504288032
0.7071067811865476 1.1102230246251568e-16 0.7071067811865476
0.6583860922176051 0.10110073556552353 0.7458595007389404
0.7071067811865476 1.1102230246251568e-16 0.7071067811865476
-0.6403675485898623 -0.024706803925391596 -0.767671138283056
0.7071067811865476 1.1102230246251568e-16 0.7071067811865476
-0.5202047183564742 -0.02805835554785985 -0.8535805642606978
0.7071067811865476 1.1102230246251568e-16 0.7071067811865476
-0.5654309290241024 0.11930204104162911 -0.8161218582455944
0.7071067811865476 1.1102230246251568e-16 0.7071067811865476
0.4074972030538448 0.06605871130591985 0.9108140733233621
0.7071067811865476 1.1102230246251568e-16 0.7071067811865476
-0.7332206253079568 -0.18833663375723014 -0.6533887258041752
0.7071067811865476 1.1102230246251568e-16 0.7071067811865476
-0.7824723414689835 0.09969747049067146 -0.6146522994456364
0.7071067811865476 1.1102230246251568e-16 0.7071067811865476
-0.59872125237686 -0.049381672279564644 -0.7994337448439102
0.7071067811865476 1.1102230246251568e-16 0.7071067811865476
-0.5244667451238425 -0.03355671454187351 -0.8507694048144643
0.7071067811865476 1.1102230246251568e-16 0.7071067811865476
-0.6087424342043453 -0.2002398547014324 -0.7676826488778534
0.7071067811865476 1.1102230246251568e-16 0.7071067811865476
0.6130845534223803 0.14337043830115487 0.7768991232947913
0.7071067811865476 1.1102230246251568e-16 0.7071067811865476
-0.6360280469348478 -0.1872044462443954 -0.748613931755596
0.7071067811865476 1.1102230246251568e-16 0.7071067811865476
-0.6840115422299394 0.022734798407281768 -0.7291168212554145
0.7071067811865476 1.1102230246251568e-16 0.7071067811865476
-0.6487719837844091 0.003137197118454783 -0.760976393228254
0.7071067811865476 1.1102230246251568e-16 0.7071067811865476
-0.6605297999916245 -0.14798251324817643 -0.7360717078490231
0.7071067811865476 1.1102230246251568e-16 0.7071067811865476
-0.770271311033369 -0.27977128053707834 -0.5730707966609171
0.7071067811865476 1.1102230246251568e-16 0.7071067811865476
-0.5995291327765057 0.03482223862850931 -0.7995950416611839
0.7071067811865476 1.1102230246251568e-16 0.7071067811865476
-0.620475808808561 0.08822246220531145 -0.7792474368554538
0.7071067811865476 1.1102230246251568e-16 0.7071067811865476
0.8567155920108869 0.24195755688511905 0.4555161194421336
0.7071067811865476 1.1102230246251568e-16 0.7071067811865476
0.903452436649258 -0.04958637636050467 0.4258108570620913
0.7071067811865476 1.1102230246251568e-16 0.7071067811865476
-0.43019615763963887 0.17340627114774806 -0.8859241113541977
0.7071067811865476 1.1102230246251568e-16 0.7071067811865476
-0.6022643284757536 0.05581411425607369 -0.7963431818603458
0.7071067811865476 1.1102230246251568e-16 0.7071067811865476
-0.6396437340164912 -0.12859813914637058 -0.7578379854174183
0.7071067811865476 1.1102230246251568e-16 0.7071067811865476
-0.7049759662125086 -0.009807327036831515 -0.7091633827258235
0.7071067811865476 1.1102230246251568e-16 0.7071067811865476
-0.5976991599148441 0.191679192434111 -0.7784695250457122
0.7071067811865476 1.1102230246251568e-16 0.7071067811865476
-0.622154394399938 -0.05304600008252196 -0.7810954048028265
0.7071067811865476 1.1102230246251568e-16 0.7071067811865476
-0.612374898754991 0.009011761704884604 -0.7905161424827384
0.7071067811865476 1.1102230246251568e-16 0.7071067811865476
-0.7937743565183679 0.04671137264838354 -0.6064159616955631
0.7071067811865476 1.1102230246251568e-16 0.7071067811865476
0.7055730463413913 -0.06782028646298426 0.7053843526905085
0.7071067811865476 1.1102230246251568e-16 0.7071067811865476
-0.6250929989842117 -0.04766184470432537 -0.7790937627656283
0.7071067811865476 1.1102230246251568e-16 0.7071067811865476
-0.5889962883508156 -0.04075386467594572 -0.8071074865362963
0.7071067811865476 1.1102230246251568e-16 0.7071067811865476
-0.5494001966353141 0.03218351466568736 -0.834939306369536
0.7071067811865476 1.1102230246251568e-16 0.7071067811865476
-0.008088461310847363 0.02151033938916291 0.9997359061737184
0.7071067811865476 1.1102230246251568e-16 0.7071067811865476
-0.617478806014539 0.13297733950684512 -0.7752657294763781
0.7071067811865476 1.1102230246251568e-16 0.7071067811865476
-0.4068659704178256 -0.013340717704590527 -0.9133904462863007
0.7071067811865476 1.1102230246251568e-16 0.7071067811865476
-0.5686304222539227 -0.12959120974618055 -0.8123210949149647
0.7071067811865476 1.1102230246251568e-16 0.7071067811865476
-0.8244631905206661 0.11321972279917461 -0.5544742932235559
0.7071067811865476 1.1102230246251568e-16 0.7071067811865476
-0.5362466309535192 0.07582332449571774 -0.8406487817474175
0.7071067811865476 1.1102230246251568e-16 0.7071067811865476
-0.7125877857231988 0.06728944957489669 -0.6983486075120476
0.7071067811865476 1.1102230246251568e-16 0.7071067811865476
-0.6770823046304436 0.055232937074828625 -0.7338316396956562
0.7071067811865476 1.1102230246251568e-16 0.7071067811865476
-0.6783417919429109 -0.03238135955480226 -0.7340326020396254
0.7071067811865476 1.1102230246251568e-16 0.7071067811865476
-0.5732624258675558 -0.04333710066154034 -0.81822496099465
0.7071067811865476 1.1102230246251568e-16 0.7071067811865476
-0.38705744424455063 -0.20114570368825918 -0.8998482876255484
0.7071067811865476 1.1102230246251568e-16 0.7071067811865476
-0.5931398461536159 -0.01954045049810288 -0.804862282442901
0.7071067811865476 1.1102230246251568e-16 0.7071067811865476
0.7110421362941883 -0.0914470457040164 0.697177537106729
0.7071067811865476 1.1102230246251568e-16 0.7071067811865476
0.8273722411751706 -0.16275966375703366 0.5375541520502588
0.7071067811865476 1.1102230246251568e-16 0.7071067811865476
-0.5668327985381637 -0.011339533474963526 -0.8237548139355324
0.7071067811865476 1.1102230246251568e-16 0.7071067811865476
-0.0647210498349237 0.2083530088948691 -0.975909939181234
0.7071067811865476 1.1102230246251568e-16 0.7071067811865476
-0.7769754997222476 -0.16326525439710318 -0.6079913893617351
0.7071067811865476 1.1102230246251568e-16 0.7071067811865476
0.7465264727966371 -0.07154603858300802 0.6614978380742379
0.7071067811865476 1.1102230246251568e-16 0.7071067811865476
-0.3318250819367086 -0.08792867153947247 -0.9392340835590456
0.7071067811865476 1.1102230246251568e-16 0.7071067811865476
-0.5516825528431174 -0.01450924977855034 -0.8339279600537236
0.7071067811865476 1.1102230246251568e-16 0.7071067811865476
-0.5699734784087094 -0.0999890035251301 -0.8155565174068122
0.7071067811865476 1.1102230246251568e-16 0.7071067811865476
-0.42963108064577604 0.21125889164820574 -0.877944653860774
0.7071067811865476 1.1102230246251568e-16 0.7071067811865476
-0.5336532668604783 0.11496872063187019 -0.8378522447576364
0.7071067811865476 1.1102230246251568e-16 0.7071067811865476
-0.5687282234452646 0.2089737437553072 -0.7955364116605125
0.7071067811865476 1.1102230246251568e-16 0.7071067811865476
-0.6010894780837408 0.07304941871848503 -0.7958361777161853
0.7071067811865476 1.1102230246251568e-16 0.7071067811865476
-0.6480847387961066 0.18099913142336288 -0.7397469065589732
0.7071067811865476 1.1102230246251568e-16 0.7071067811865476
0.9207217828914813 0.028012423272459674 0.3892129271382654